Message id, Time, Sender Port, Receiver Port
Failed, to, launch,53
Z�V�@�&U�V�,1706092054157,68,67
b13bb3a1-d738-44b0-9d34-b381b9baf266,1706092076414,43688,20107
77b305f3-4611-4e3d-8c3f-d25513c69198,1706092076494,43689,55454
5b529889-8c97-4792-ba00-24fab1cef9d9,1706092076606,43690,19960
00ead13b-ca53-429e-aa5d-6090b8ad0e03,1706092076702,43691,29973
eab80e46-535d-49ec-9c07-ee1ee469519b,1706092076798,43692,29111
5d782765-5e39-435b-a477-d602a0c6aed7,1706092076910,43693,17381
11f970a5-c3e2-45c4-90ef-a73949ebba12,1706092077006,43694,61453
f5b3fca1-0d29-40a3-bde9-0bc1ae9ed858,1706092077102,43695,15559
9b653e48-bc47-4929-9f32-69ced37b6e9c,1706092077222,43696,23561
b0029e2f-e22a-430e-80b6-3bfdc9b643f7,1706092077326,43697,29774
a7a088c4-d107-4c95-9de4-8fb0250dfa06,1706092077543,43698,2680
0f68cc69-b554-46cb-ae26-10ba37fbe43a,1706092077622,43699,22922
f3d8af5e-206e-456e-8301-e73ce192cc6c,1706092077734,43700,58948
746e2cfe-81e7-4eb1-84a2-3732a4502174,1706092077846,43701,4315
24283cd2-a664-4a8a-b674-6e5f75269103,1706092077942,43702,11967
b5c163e1-32bd-4f2e-bd62-2e5e40ff2d33,1706092078054,43703,41137
ff5a22b6-9971-41db-a830-3238f5cb9f7f,1706092078142,9237,57402
b1a5d50a-f977-4123-938c-66342461bec9,1706092078254,43704,46442
56c0d0c1-e3b5-4ae9-85cb-47dbb6ecfa13,1706092078366,43705,29127
d3857b73-45d2-48d1-8af6-4b7e6b935379,1706092078454,43706,62713
00e04c4f-b44c-4847-a90e-8a9404f86d09,1706092078582,43707,36512
bb59e93a-9592-4be7-ad77-29bf4233f7e2,1706092078670,43708,25096
367c8ca8-bf23-4fea-98f9-132db4ee2f24,1706092078775,43709,52455
a3fab6c3-fb01-4c50-b066-f4c9d0fe16f0,1706092078879,43710,41977
7645d91f-b6e5-485f-8db6-90aede65c9e7,1706092078975,43711,277
73421a12-1138-4d39-9123-2f53de583318,1706092079078,43712,57291
1560d2e8-e5ad-4a20-96f7-2495c590681a,1706092079182,43713,27499
659334b0-b277-4a56-abc4-ecb3da276a63,1706092079287,43714,18368
111d1292-6179-4746-890f-cad3dc6858cb,1706092079382,43715,55177
fbb6bbf8-6af4-4ff6-8994-9573153bc09d,1706092079494,43716,16454
ccc7334e-38d3-4c18-a9a9-48c11c2159bc,1706092079594,43717,32258
97c69c0d-f79b-4757-bb39-7653da04f4b6,1706092079702,43718,1721
b87c3740-1e01-41ab-b9c9-23ca96da2c09,1706092079811,43719,51556
aff0426e-93c3-41f5-a787-825c6245fb24,1706092079902,43720,19880
d54f38e0-da0a-428b-bc0a-120614914e3f,1706092080023,43721,40879
2916f298-df8c-4bd9-9c29-f8bd54020283,1706092080123,43722,20406
f10f2175-744f-4faf-b280-b9527e602435,1706092080215,43723,34578
80315ea4-e98d-4d5f-b638-f90bf113665b,1706092080330,43724,3167
594c4e15-ce7d-4786-8418-1c841f07a6db,1706092080423,43725,58906
4caf9a3a-be8f-4ffd-8c56-a18386568734,1706092080530,43726,45297
c2f51042-33fb-4f50-847a-2a0c78926868,1706092080642,43727,54421
d274565e-455d-4bf9-a245-3ad4ba6a4877,1706092080743,43728,61725
c56fd705-03d5-40d1-91a2-86862c18394a,1706092080843,43729,17335
79e03d1d-93d0-468c-8c5d-9b1f129f9492,1706092080942,43730,65006
ebc5de45-0264-4367-ab9e-1dbed26d93e5,1706092081043,43731,42925
485c8799-e7c3-40bd-a707-b3d678ccf767,1706092081154,43732,1530
d1400349-414c-4376-8ae8-3850937d1f8e,1706092081255,43733,27122
b5bb948d-e6ab-4b34-bba7-dfebb39747a4,1706092081362,43734,58052
bff018f6-26e0-4f9a-80bd-ef63d041ee4f,1706092081462,43735,50100
b18900b8-3d80-4b04-8da6-58b51529e6da,1706092081563,43736,54316
c6afc5e7-7471-4c23-b67f-a34eec015bcc,1706092081674,43737,15148
05ffc69c-4ab8-4a7b-b28d-512dbd625848,1706092081774,43738,2352
b4798ead-083a-4f34-bbbc-69419a1f16b5,1706092081882,43739,49867
cbb2029a-af20-4d3d-b9d5-d11d49141093,1706092081982,43740,52403
998cfa1e-5a69-4d65-a1ca-1ad1197d76a5,1706092082090,43741,38684
64cce33a-ffad-4976-8a4e-7f55c178b5f0,1706092082178,43742,57097
e75c8458-b7aa-46f5-a294-00bdf4245793,1706092082294,43743,29697
b820466f-ee2b-4ced-b25e-c9f7f24ac576,1706092082402,43744,19762
64c236da-4f52-46ce-a595-6b6f0dc9ae49,1706092082503,43745,63373
5ededf45-2ca3-49fb-9cdd-cda26deb5a02,1706092082611,43746,9220
80748c2e-bac1-4823-89bf-03c94d9e88e9,1706092082711,43747,49666
8025d8f6-0f46-41cc-8fe6-a297982c8a6f,1706092082822,43748,25611
429f5b89-f4a8-4392-ad60-8ba362016df9,1706092082914,43749,53570
046ffdb0-9ecf-4ec2-bd43-64db93b87644,1706092083022,43750,4468
381fbff6-7ad2-41aa-afd9-f5357a50c840,1706092083131,43751,25052
e0af1454-214f-4acb-a6f5-8941473e9759,1706092083230,43752,1974
682b20fe-6ed1-44d8-93fe-cb12a020dc71,1706092083335,43753,39131
50f38e23-fc4a-478a-acf1-b2a7f1b49b42,1706092083434,43754,62662
c12649bd-7bde-4d5b-9a14-a32532dec82d,1706092083535,43755,34895
2ad2ec6a-26b6-4646-b006-380e84d61560,1706092083643,43756,8001
7d8d7dfc-db21-4531-b07f-02b421d9a3df,1706092083742,43757,36508
7787e58b-17cd-4147-a3e7-6061117080fe,1706092083855,43758,19414
d9bd1018-e7d1-46e8-b423-c6ad17d69861,1706092083955,43759,30788
70c969a0-98b3-4029-a5ae-1e5def0f1265,1706092084063,43760,29795
6851ae3e-8e7d-4dfd-8d72-58cba79f8bc9,1706092084171,43761,43667
f6384e6c-f9a4-40f6-92fd-922944b484c6,1706092084274,43762,571
aeae87d0-4b1b-40d8-80af-51bcff5faca5,1706092084383,43763,43323
e5682735-bef9-4763-adbb-2a6e3a4e4770,1706092084490,43764,37238
c7ebef63-e554-4875-8ba1-4cc2335b9369,1706092084590,43765,28111
cfa0bcdc-ab3e-48e6-b4d1-aac6c4879762,1706092084702,43766,37149
7827558d-0996-4e7f-ba85-93f85039b953,1706092084794,43767,22294
bd6f3d84-f998-4bba-b9f0-713e37f9c785,1706092084894,43768,21197
34962eb3-38b2-446f-a91a-d2eabbf947f6,1706092085011,43769,60789
0de14cfd-ee3d-46cc-b121-59874315ac10,1706092085115,43770,34302
5571a261-ac4a-40a3-82f4-749420d16785,1706092085222,43771,35232
f9b535bf-98cf-49a9-83da-f03d74bdddac,1706092085315,43772,40665
4dba2b0f-681f-4536-b730-9f6387671afd,1706092085430,43773,3700
4f40455c-1ff2-4865-8278-8fedff4ced79,1706092085530,43774,64643
35e447d1-e071-475a-9ede-6fdb1ae4018a,1706092085638,43775,14261
977c6a19-22dc-439e-9abb-557f70ca5828,1706092085750,43520,18035
3651ef53-2202-4f64-8ad3-4f87fa5eb455,1706092085850,43522,59461
ac10f925-7d87-4352-9548-924a81aea914,1706092085955,43523,31550
c533be4e-49e6-4d96-bf12-30a8d940e297,1706092086062,43524,27007
c23c90ed-fcb8-49ea-917a-a294c6acf521,1706092086162,43525,52015
f50f2348-4618-4220-9416-835a6a9f92da,1706092086263,43526,53870
e5aee8f8-1e93-47d4-b654-a0713af9e9ce,1706092086374,43527,914
4e0e69d2-0a4b-4013-8e59-a89ba7c159aa,1706092086483,43528,33191
1206abc3-53e6-40ba-b6ca-808743a0ac51,1706092086582,43529,12005
64e3838b-db46-445f-98d9-3af1dd6fd8a6,1706092086687,43530,23903
a869ff74-a51b-4c58-b065-14ae536b73dd,1706092086782,43531,23984
0c4048e4-79ec-4d2e-aa6d-decd624e5796,1706092086895,43532,47556
e479d35b-e542-4b4b-b0bd-2d3e003c6e1d,1706092087003,43533,12780
a019f023-e2b9-4957-a50d-6af897ba57e4,1706092087111,43534,34264
5f2ec6b0-c2a8-47ce-9aaa-d8d9e92b4391,1706092087211,43535,55410
98b1c95a-0681-490a-94d5-4ce7b00b53d9,1706092087315,43536,18993
0848392e-edc4-4d89-883f-9e9080536729,1706092087414,43537,58356
6fd633ca-5ad5-4bf9-bb08-34e6e1db28c7,1706092087522,43538,16165
17610741-3d53-438a-9c38-ac95b53035b9,1706092087623,43539,10731
b9da939f-9d87-427a-8f50-150782a52b77,1706092087735,43540,26067
ca484750-2d0f-4280-8b2a-04f6721c36e3,1706092087843,43541,54668
55755232-bc4f-4177-9bb7-efc813d5247c,1706092087967,43542,34675
defa4f41-6c9e-41c6-b16d-004cbf58b216,1706092088042,43543,44053
dd37579c-87ac-4405-91a4-e74a337e7776,1706092088174,43544,14506
de2a34fa-d7e1-43c7-bceb-06816f5bf7b5,1706092088263,43545,26306
7aaadfbe-be20-424e-8771-e4d1f086f838,1706092088370,43546,21385
53e5d897-3701-42ea-86dc-8abda2ec5eb1,1706092088474,43547,46257
c9a53f3d-8c62-4933-8f72-d0b18c9be280,1706092088582,43548,58430
454bdd3f-c199-47db-b82b-a75ed071bc84,1706092088675,43549,41296
6626066a-2fa9-4b4f-baba-ee8e29ee0887,1706092088782,43550,46264
9f22b03d-7d9d-4391-a3f0-d26fd051c859,1706092089003,43551,48007
3a76358d-358b-4a91-806e-65df33110071,1706092089102,43552,47111
13a7a370-5724-4d18-8e48-fc7c7fd900e1,1706092089202,43553,7253
2eabac6b-1490-4ca9-905c-7a25dd0589ee,1706092089315,43554,31202
89f5c668-5717-4155-bea1-6ed1b869204f,1706092089415,43555,32783
6cf0004a-d8b7-427a-8584-a4e8acf76095,1706092089531,43557,6767
1f401b79-10b9-4999-abde-fac57696ee1d,1706092089623,43558,4100
0257f0c9-c247-403d-9a63-42a7ae1fc6fc,1706092089735,43559,10294
9b9c399d-f71f-4c33-a35e-98e65ba270ed,1706092089850,43560,35759
a5bae1af-2e0e-4778-8a12-476a5b086109,1706092089942,43561,5680
d2de6c35-c290-42bb-ae8c-f37953dc3364,1706092090054,43562,6451
7fdd6c32-c695-463d-af0f-2ce83a1687ff,1706092090298,43563,33126
322e7f53-c991-477c-ab67-56c67fa14dc2,1706092090374,43564,2002
1ce3db5d-7e10-4a1b-9a37-ed426dc55118,1706092090474,43565,18273
3a6936e3-8732-409a-987c-061e5e8fc17e,1706092090583,43566,679
ee1c68ac-59fc-4758-8277-278759365861,1706092090682,43567,5355
87647681-83b8-4d7a-a24e-02869d5df92e,1706092090794,43568,2798
274155c9-3a2d-4b47-a84f-4a14f5c6e1e2,1706092090902,43569,10588
4fba90f1-36c0-4ac2-8cc1-ce52c3dfe5e1,1706092091002,43570,4919
517f443f-6372-4a5b-80a4-3e7afe8e6471,1706092091111,43571,54374
dadddb8b-e3eb-4662-9c9d-378826957ab1,1706092091214,43572,36756
9c1ca1cb-6f6d-4baf-867d-601a7b058254,1706092091322,43573,56783
3cdd1add-f3b5-44aa-bba2-c7644dde3671,1706092091422,43574,31415
cb1fede2-fd3f-4e02-9e50-9c97cf0f6f74,1706092091530,43575,23540
580ff0cd-8c17-4bdd-8158-92de7008f720,1706092091635,43576,359
9669f28e-a231-426d-a646-08839cf38d58,1706092091854,9271,38245
4e6a0ba7-93fa-4365-a02a-a5eeef6da5b6,1706092091970,43577,18166
2f56261e-eca3-4d85-a225-71f2bc428e68,1706092092063,43578,52600
5579a8de-fcc2-4107-8985-8a5cc22d07ef,1706092092170,43579,53474
ea8229f2-a044-44d4-a004-17895fc3e766,1706092092286,43580,7731
4d01a571-fde1-46e5-9237-017d6136d298,1706092092382,43581,4474
bdcfc736-55eb-40be-afc9-210594a677bb,1706092092483,43582,34475
ea55b904-ade2-4537-8bc7-9b1b9ed8cb25,1706092092582,43583,11681
7085be79-235c-4964-81fa-b1cf0a308542,1706092092702,43584,60028
51319608-bacf-443c-8ee3-e09b59206f1f,1706092092802,43585,25215
7a9d34e5-28c2-43cc-836f-6e4571d48cb8,1706092092910,43586,39537
99d86a2e-9c02-4433-b8d9-6a2a66c089c7,1706092093003,43587,17134
a60f5a84-288e-4fe4-a454-06548420492b,1706092093114,43588,22639
0de91cb8-227d-4b35-a545-cea57d60c786,1706092093214,43589,2663
b19be758-342b-471d-812b-d0ce1c1ad007,1706092093330,43590,24028
130389e0-f6d7-4897-9d85-c0d99ed05a23,1706092093422,43591,39378
253f4923-b3e9-4dfb-b0f6-3b14837d7d39,1706092093522,43592,4946
fccfad94-1705-43fe-a978-0dc0b0d04beb,1706092093650,43593,53491
6b999782-2841-4442-a0e9-96bab49135ec,1706092093734,43594,6588
ba599b98-2088-4364-a18f-6abd2b926850,1706092093842,43595,32261
51cefbf5-81d4-430e-9243-e3e6a1ed3d19,1706092093942,43596,49039
64be7aae-e6bd-4890-9765-26ff3b3bff73,1706092094062,43597,28065
ad754a5b-a2a3-44f5-abbb-4394baef309a,1706092094155,43598,60544
49b71bb3-0236-4c70-a0bd-4bbb777a113c,1706092094263,43599,32418
7583d7f3-e098-425c-9770-d091d60c1bfb,1706092094362,43600,10182
c442b7fe-50c6-40e7-bfca-876b667f615e,1706092094602,43601,27408
90ff0265-b69b-4f48-8144-0642a256f5f5,1706092094694,43602,44819
1d12c966-3754-4998-987b-5aa34c7d2574,1706092094803,43603,49773
2b02c6c2-e881-4733-a854-5469ec4568c9,1706092094895,43604,12971
480406d3-da64-41e5-9b84-76b6b5eb1ff0,1706092095010,43605,24589
ee07a81d-e097-4f81-8e64-a3e896dee066,1706092095102,43606,60957
5edbf9f1-1f5b-4127-b4b2-4ec8b2469312,1706092095214,43607,64326
30551453-94e2-4604-ad45-0e72550ebd27,1706092095458,43608,20092
8e48d46a-b4a3-4e39-a6fa-2b9363a4ec82,1706092095542,43609,45830
57991b78-6f8f-4d88-8d7e-48ca35c4f643,1706092095634,43610,6605
b77dff73-e446-4c00-b5cb-ee9f54fc475f,1706092095742,43611,30380
c726756d-8eec-455f-bd4a-8fbd4188127b,1706092095858,43612,31243
0c5afd11-3e4c-4ae2-b93c-2d4f0c2fbf6b,1706092095966,43613,18033
05c51c57-fef5-4f99-ba6b-7f8404f017db,1706092096070,43614,48338
9bd90ba5-690d-481a-8612-8672e9cab5ad,1706092096162,43615,3087
d457afc6-c141-42ef-81e2-7007579955a4,1706092096270,43616,33416
23fca5e7-c821-4213-90b2-6c51f7029a0d,1706092096390,43617,64251
91b76cdb-01e4-4c42-a1f4-e21fa599d7b7,1706092096474,43618,45415
2a65affd-8c79-46eb-a60d-9ff99994f7fd,1706092096591,43619,15626
d8ca08ac-d178-4a66-b857-aadb4fcf40ee,1706092096682,43620,50698
e374a908-e4e6-48ce-af6f-ea1bd19604e5,1706092096794,43621,310
19090b17-88fe-41e7-8a90-5140178a2f53,1706092096894,43622,56853
014c6dc4-1c22-48cb-94c3-569945236d8f,1706092097003,43623,65260
6c6ac187-8e0e-4efe-b907-743e46ae3343,1706092097102,43624,57419
ca6128d6-0423-4d3d-9a8c-c8ef1b0a1ba1,1706092097214,43625,36985
ae9253cd-ef37-40a5-846b-a19565bd2d11,1706092097335,43626,26911
91837901-c805-48b4-a06f-52c4801826e1,1706092097414,43627,62027
6b2b0e8b-9866-42d2-abb4-83afe96db8c4,1706092097523,43628,53810
8d5779cc-fa9c-4aac-98b5-a3f44009daa8,1706092097622,43629,22217
74f422cc-01ad-4da6-830e-0862790c3096,1706092097742,43630,16855
ab089139-f7e7-469f-8ac3-ad4a2cbedb44,1706092097850,43631,53327
ded7651e-7540-42ca-9674-70d33782a2c0,1706092097943,43632,35433
cbabc892-566f-49a1-8ede-5ee5165d9d57,1706092098050,43633,41915
8b2f3a0e-a7bf-4e56-9e34-dbf7abe0facf,1706092098154,43634,44864
553c6984-ef48-4508-ae58-19e39112c3b8,1706092098254,43635,34601
8f3e3207-c992-430c-bf8a-4fd0178f64f5,1706092098363,43636,12700
b4f2ed6e-3985-42eb-8112-dc9b60297fd8,1706092098462,43637,54629
24767fc9-5d39-48a6-b092-8ccd5b0c6000,1706092098574,43638,58849
bc35c13d-3870-4ce2-8eb0-ced6d42f1af8,1706092098682,43639,52484
bade9741-2696-4f35-bc20-9a6081cec352,1706092098782,43640,18145
0619a51c-7bc5-4fcb-ac8b-44b8adaf7e13,1706092098882,43641,3536
88086efd-e83f-4bb0-b576-2bb68a1d67be,1706092099003,43642,46990
bde6eaaa-b935-41cc-9e02-60a54ad21880,1706092099094,43643,24712
6df0864b-23df-4bd5-8850-51f85c0c434c,1706092099202,43644,637
52cadef4-def4-4cc6-8fc3-2f72074985d5,1706092099303,43645,46730
4ead715c-0a59-47e5-8b2a-f6017f01b230,1706092099415,43646,16355
bdf35c6e-c3cd-4b5d-b0aa-ca3a10c1be34,1706092099514,43647,25234
43a231b6-838a-4928-9ac5-cfb354b92279,1706092099623,43648,11425
743f832a-9dfc-4924-ac58-de7a9e819e96,1706092099723,43649,37674
2733e7be-9ead-4caf-b9b2-5aeb80173a9b,1706092099842,43650,33261
V�V��&U�V�,1706092099923,68,67
74dee39b-e9bd-4856-9553-82ed65150aad,1706092099935,43651,24323
96e8f6c7-097d-44b5-948d-c4f483f58f84,1706092100042,43652,1533
2bfbcb48-a167-48bb-9c2a-ddfbe025adfc,1706092100163,43653,32921
8e0a613b-70f6-462e-abd0-e9f19e22f9cd,1706092100243,43654,19854
08617c53-225d-4688-8fbe-0297139b40bc,1706092100366,43655,49636
7c18dcc3-21d7-4508-ba11-f7136a630393,1706092100463,43656,21454
e6d60b98-1dce-4859-9541-4ddcfe06a2df,1706092100562,43657,2227
05bb25fd-3925-4b3e-98e2-c9dfa69884ae,1706092100671,43658,2619
d90e7226-1e7e-40d9-868a-d37b97a6ece4,1706092100775,43660,29164
71459986-ee58-45bf-8dea-28ba5f2ab056,1706092100875,56320,27474
287557e1-da4f-4422-960b-eae09fdbc16f,1706092100991,56321,35289
39e41900-0906-4bf4-9d30-51d45fd548ed,1706092101091,56322,43947
ad679698-bf22-43b4-a863-f57743ffe221,1706092101202,56323,54756
b26d9fa7-8932-40cc-8268-258e6bf0707b,1706092101295,56324,1179
05699503-93b1-4bfa-a2a6-7762ab6c217b,1706092101410,56325,27239
b6529b63-3eae-4406-b786-67aecac1bf94,1706092101519,56326,4602
fe4a376f-70e4-4d1b-9b2a-d528f7ea0c60,1706092101615,56327,7491
df9fb275-51a2-4c31-91f6-3bccee3aa053,1706092101719,56328,15425
7b6a30c3-803a-4af4-8cf4-bb4f7974c2e4,1706092101814,56329,32028
8bb3234f-f3d5-4010-8758-60961bd7c414,1706092101923,56330,17797
9af92cba-c251-4973-b5fe-ca48425f473d,1706092102023,56331,53026
bbecd2b7-b21b-4849-917a-4d4a21192f36,1706092102135,56332,3454
d25084eb-4ce7-488b-8777-d771137a07d9,1706092102235,56333,49571
f6635aaa-856c-4bf4-95ec-f88b222a2a44,1706092102343,56334,64883
0e929fdf-8fea-44a4-9d5f-7fe457cf8385,1706092102443,56335,29847
a82c752d-07e8-472a-9389-58a3dead4338,1706092102555,56336,56761
1b34b747-f560-4489-a200-e710824b688e,1706092102670,56337,59085
9133baad-b4a4-45f5-9243-75f5a5465f25,1706092102763,56338,46312
3290492c-571a-412e-aa36-ecb4cbe89283,1706092102878,56339,33614
8421f0d5-18e9-41df-94a3-644db5a71b2c,1706092102975,56340,35039
4b63653b-664e-4fcf-b1e2-d5d55e948074,1706092103090,56341,62917
d8a47ff8-1182-4620-b235-b5b7a9cde72f,1706092103176,56342,45106
c0c0a22f-e3f7-4bfd-8693-d188819f04a0,1706092103283,56343,44597
e4b55246-0355-4396-b4ec-a11110ac6c56,1706092103387,56344,36815
a20ce165-f321-420e-81cc-507c9d079054,1706092103503,56345,23630
735c554c-f22f-46c4-aea7-5064e4fd93e1,1706092103603,56346,28456
14c58094-3f36-438d-9859-d6dc83b59d86,1706092103703,56347,1400
a4c56312-dcb2-458d-8fdb-4dbb56d00d7d,1706092103802,56348,37895
4963bc8d-c0e1-429c-80e4-17ef394bcf15,1706092103915,43666,65230
W�V��&U�V�,1706092103987,68,67
b3585400-178f-4723-8582-898551ca81ca,1706092104015,56349,36130
bb15f893-f1be-4bf9-976a-b98fb7ca61c1,1706092104123,56350,19662
fdf15564-aca8-42ae-ba9b-83b3b4e18ef3,1706092104223,56351,18669
0bc049cc-20c9-403f-8d9e-938af2147a36,1706092104454,56352,12123
954cfc28-eb0d-4be5-b02c-312572772071,1706092104543,56353,65137
bf7c9dee-38b7-4ecb-9c74-f89b44dfccc5,1706092104655,56354,32934
daed0879-cd96-4cca-abce-32667dcef813,1706092104755,56355,43606
3dbbc8ec-a7e0-4fbd-ac94-ad388738b341,1706092104862,56356,34297
47ce4a4a-ee08-4349-bba2-b4cfc0bf9ede,1706092104962,56357,7046
e4fdcc31-79f7-4ed3-bb8d-4f4c909b989e,1706092105087,56358,44858
c6961c44-98cf-46ed-90c4-f3d5b1e34974,1706092105199,56359,24894
f159a567-098f-4061-aaec-32d7d3f0e145,1706092105282,56360,27156
804c9560-01fe-460c-8617-930c3b699b0c,1706092105383,56361,40982
9709c0b2-e605-4621-87bb-fadee2af6c90,1706092105495,56362,9234
f42144fe-0d15-46ee-ad38-4ea332068dce,1706092105594,56363,44814
a30e5898-6956-4f8c-a3a9-e4853ffd3e77,1706092105702,56364,57783
9d66e387-7d17-4fe4-8c86-231347e506c1,1706092105806,56365,48247
02383a32-7e39-46ae-8982-0fb262c08841,1706092105915,56366,44596
725ba7bb-bd0d-4cf8-a5cf-0457a57b5f3c,1706092106015,56367,35163
640a5388-db0d-45a4-9c23-35e6ca08a7e1,1706092106123,56368,54114
cc320833-bc1a-4f77-8eef-3d5c6e6689c7,1706092106222,56369,49748
f6fcbef0-6faf-40ba-b3f1-6d920ba1391c,1706092106359,56370,8488
ec44b599-75e0-439f-97bf-303e8d28ac81,1706092106435,56371,45487
f8651c9f-a203-48d6-bb47-db3b03ed79e4,1706092106558,56372,27536
236f2267-9115-4cf3-9338-89c7d793cbdd,1706092106659,56373,3186
b8f12dda-8890-4178-b51f-f55c06e41bc0,1706092106743,56374,21750
b03a528d-fe67-49f4-be9d-35324603c786,1706092106866,56375,60708
5fe63806-9660-4b81-bef4-d0748a8c09ba,1706092106962,56376,25301
fde064a1-38df-4c4f-afba-7e34f3088c96,1706092107062,56377,32464
6066a99b-34bc-4022-b740-d746dda819c0,1706092107179,56378,2559
78c36f48-3abe-45d0-9f80-2812761ffdf3,1706092107275,56379,59812
581deafa-3f53-487f-8808-3b14e8c570d3,1706092107375,56380,37107
56e065c0-f196-4696-8402-97868542b403,1706092107490,56381,33855
1567f1f9-d36b-46b5-9c79-56d81578c605,1706092107590,56382,2031
a6b676c1-e7fa-4ec2-bd13-8941d63c6dd0,1706092107819,56383,44654
119d97f3-ce93-446a-a5fc-ce9863b5e317,1706092107903,56384,17379
63f680fa-4bbb-42b9-af37-0f6bbbe4aeab,1706092108015,56385,23993
933cf469-e268-4889-85cb-8f7b81d2eb77,1706092108115,56386,64722
b60710f4-1c22-4dc7-acaf-86dc7e9f83f5,1706092108230,56387,2427
b954ba5a-17cf-4f38-96c5-a8611562405a,1706092108331,56388,47704
4f8e0433-5264-4e3b-9368-ef44a69ad166,1706092108435,56389,11698
bd3b3cb1-caf3-420c-97b3-27f265e9958e,1706092108535,56390,36163
f1eb246b-359c-414d-b732-f2a677fb9e7a,1706092108651,56391,7561
8c19111b-7858-4d28-9363-e2a4bba47de7,1706092108743,56392,54303
464af158-3cb7-47c8-ae20-ca739c4c5dca,1706092108855,56393,43553
67925462-c3ea-4522-8111-b026ba4a7ace,1706092108955,56394,9928
c3f99b0b-7032-4e4e-abed-7ae3d63d8f39,1706092109054,56395,24436
fd2e07ca-64a2-41c8-bf31-d1d29dea3365,1706092109163,56396,10566
8c6a2e80-6462-48f1-8cec-e53e6a152052,1706092109262,56397,30239
2397b3ab-bbf4-40a8-8cdb-4388e06db72e,1706092109375,56398,31919
3fa3186e-ad01-410d-932e-945743b8f7b8,1706092109483,56399,34756
5aa8e4b4-3ff0-4315-aa6f-3f09dbd51270,1706092109583,56400,63392
7a4f8591-6d95-4956-bdbd-8c2a17746e3b,1706092109682,56401,57665
def6783e-03d7-47ba-a12a-f61ce0e80e26,1706092109783,56402,18164
7e5d76e0-c632-4ace-b1cf-91c80ac5b53a,1706092109895,56403,32971
ae231b43-5117-4989-b83a-c6a03b884ac1,1706092109995,56404,9279
0330612e-2792-44f5-a90a-30abcef91b92,1706092110115,56405,63665
a83babc8-b5de-4de2-af77-c3d32b500a72,1706092110211,56406,58296
783d3128-b4cd-4aee-a5e3-850e19a2061f,1706092110315,56407,30177
cd9d62c3-e079-4322-aa27-a66140c1dae6,1706092110415,56408,44660
8fe6c728-d3d9-42f8-aa03-39b8b52c6036,1706092110523,56409,53212
3b8b9eb8-0ee7-4431-b850-4da01b4629fd,1706092110631,56410,54545
17728409-914b-4562-a0ab-0621314b7cf9,1706092110735,56411,53699
8f12b702-329a-41aa-86df-0387142f5c49,1706092110843,56412,56385
15117f46-bc9e-4d08-9acd-05385db6e57f,1706092110942,56413,33867
84201af8-bda8-4769-9f54-6351c2b00fc8,1706092111043,56414,4804
21e0fa5b-d9da-49a1-8d05-02c176e12c24,1706092111155,56415,6838
a181da00-a550-498a-8edc-afe11cf335ef,1706092111262,56416,54296
21ae46f6-a9d1-4c6a-beed-2cf10f215f18,1706092111370,56417,48606
b0376441-360a-4afd-95a3-b1a2a04076f7,1706092111463,56418,50984
afae86f4-c289-46cd-9942-dacc3b7d7542,1706092111571,56419,29712
529d6a73-5c97-4ac5-a3cf-a0b4e96f21b7,1706092111674,56420,13010
6ecfd1f2-3a93-4500-865e-4ecbb6a97308,1706092111775,56421,4034
336dea61-864d-4fd0-baf2-fdf4415628f3,1706092111883,56422,62912
fa4ef8eb-5919-4ff6-9c51-a10353aa7ff2,1706092111982,56423,41350
X�V��&U�V�,1706092112061,68,67
052b82c1-c4cf-4baf-b6b7-72a897d683de,1706092112095,56424,33800
d0e6153f-9d6c-46ca-b9b5-050b9966e48f,1706092112203,56425,13217
eede1c23-53ba-4f2b-9c52-113ba116c086,1706092112310,56426,12894
f1465957-4cb4-486e-8f53-acec5c49bad2,1706092112403,56427,60356
19c271e2-8762-44b6-a91d-92fac79cbbbf,1706092112515,56428,17500
b4012a2d-c174-4f01-affc-9548c2b81695,1706092112623,56429,57322
c471a9ee-50fc-4c31-8a6d-a554521cb8a2,1706092112731,9408,2158
e2044a44-ef2a-4bc9-bdfc-a6f2ce57211b,1706092112815,56430,13602
8d5afbe3-824f-40b4-9a8b-1f73fa13fb37,1706092112931,56431,62296
85158685-4b80-45bc-899f-db94eba731eb,1706092113035,56432,4956
deb80482-ba68-46ca-abd4-b763a85b7de9,1706092113143,56433,45310
1be17cba-8816-48d3-8178-e6f7c41c70cc,1706092113243,56434,45727
958cd8b6-2763-43e4-9c1b-7e873dcf8bc0,1706092113343,56435,35995
ac8ad7ed-9b6e-4243-bdda-c8044efe657c,1706092113454,56436,24184
9fb230a3-424a-4fc1-8244-3b2eaf2ca3cd,1706092113555,56437,10307
b5c0531c-e938-4a31-a752-cb03aefdc10e,1706092113663,56438,42182
bdd1953d-7b98-49a1-9514-01e29e2f2877,1706092113762,56439,5923
0100ed4f-bd6c-46ec-9b45-2f932ce8cbaa,1706092113875,56440,26407
edb102ca-2d22-47e1-9a86-3ef5fc395646,1706092113982,56441,62495
25e672e2-c5a9-4748-a881-ad1f3c82ef72,1706092114075,56442,2860
6d3fa824-a038-4a12-a081-30b5acfe212f,1706092114235,56443,12493
f3868e4e-82d0-4cc1-b703-3fd214ae7cca,1706092114290,56444,2716
6628f9ce-6a0f-43e6-be58-0cc2b283c28b,1706092114395,56445,48889
edd87ffe-6df6-4008-9194-26b48544be66,1706092114495,56446,32581
d234cba3-540e-41b8-bc95-c92a90c9e316,1706092114603,56447,31039
e404e548-f023-4641-9daf-58ef4e20d082,1706092114703,56448,30470
579be649-99a1-441a-bdbb-17230e41f056,1706092114815,56449,26706
cf80e7a7-d41d-4013-9fb3-1249cfbf847b,1706092114914,56450,40812
6790bf4c-7fd6-463f-be34-3d3ce31979cc,1706092115031,56451,28905
4428fb28-8e25-4961-92fc-5005869be57c,1706092115139,56452,43097
91e1f3e9-530e-485d-aa25-086ab3bb4c71,1706092115235,56453,1016
c3400ccc-dff3-4abf-9165-ac798f15bb2b,1706092115335,56454,34243
35c8d9b6-e186-4412-8653-55d1c2e92a15,1706092115442,56455,188
3ff1f939-a146-4770-847a-fde3585ed9c4,1706092115546,56456,51832
5912ff76-9e56-4aa2-baf4-5313b76d087c,1706092115651,56457,44760
7539edd4-50f9-4454-8793-3bfb55eca8e2,1706092115755,56458,17326
ad7a71af-97bc-4140-8d53-06afd3f093e4,1706092115855,56459,51105
eadb33a9-83dc-4215-bfb3-6fced5f03f16,1706092115963,56460,41312
e0a7a525-7a6b-4552-aec2-13563a4256eb,1706092116063,56461,11572
759b75b7-d13e-461f-84d0-c9d4663a666a,1706092116175,56462,51396
b3b25272-078c-4fa9-b956-537beb215e27,1706092116275,56463,30710
8a2d2007-ab2b-431a-8460-c7581a790546,1706092116383,56464,54446
4802f803-3d17-48d1-add6-504120e998ba,1706092116482,56465,3950
9df75e90-449a-4c91-b249-6faa563c1dab,1706092116595,56466,43688
c459762a-cc2f-4a86-bdcb-1e4ec5240a1d,1706092116695,56467,32386
9fba0711-7031-4c73-8f52-f76b06420def,1706092116803,56468,17344
d24e1a15-eabe-4fb6-bfc0-b859e856d34e,1706092116903,56469,7474
22a7b496-33c2-4c96-bc7a-5e696de5e4a7,1706092117023,56470,60638
0f1f1788-a22f-4e4e-9b41-d00c777ba4b4,1706092117115,56471,16031
6bd67435-4ec3-4d25-8b03-ed70ac76973a,1706092117234,56472,51106
c059ee8e-f8ef-4f6c-af03-90b2de7d0aea,1706092117331,56473,55348
29627657-dcaa-4c56-af59-e4500dc921a5,1706092117431,56474,51268
e0fd46a6-8a54-43b2-911e-6cfb1215ced4,1706092117535,56475,54325
4602681a-c763-4fd5-81ea-1989be7b8436,1706092117634,56476,32160
57155c91-5b7b-4054-b3b9-1f9cbe5831ed,1706092117743,56477,36659
9ecedff7-ae2f-4bc8-94e7-4a2bbee7d8d7,1706092117867,56478,668
03c9006e-112b-4ab4-8e2e-c8e6e917663d,1706092117962,56479,32304
a1a6bac4-995e-49a5-94fc-ac5794cf256f,1706092118055,56480,33965
60d8410f-cffc-4ea5-80e8-ee90ca870a5e,1706092118163,56481,29936
52d9c2a6-123c-4b03-9262-15d65e610de6,1706092118262,56482,52208
f409143a-ac15-49b8-b8ec-32e5d13577f0,1706092118375,56483,43527
ccda15fe-cd86-4e2c-a109-45da25981ae9,1706092118475,56484,11103
9a2a8d7e-5084-44c1-bc72-ba812f81f78f,1706092118583,56485,41645
74c99721-e501-43da-8544-2f66d59918f6,1706092118683,56486,63618
3ba3f3fc-3609-4973-bbe6-657df14f841e,1706092118795,56487,16198
721c40a3-20c2-401f-aae3-562b0c6c8f87,1706092118894,56488,830
fe5e748a-ac3a-4a89-908c-6bce6d80cbb4,1706092118994,56489,19393
b4bd6aba-92c2-44a1-aebd-b63e393cb971,1706092119102,56490,49431
dba1647d-97ac-4229-bc59-b951058a5b91,1706092119202,56491,17512
dbe471aa-09b2-44c7-bb4d-4e0e87df7a5f,1706092119302,56492,22846
df1914da-39c4-460d-9833-8a93bd25dd20,1706092119422,56493,57191
906a2e73-0671-4c6b-b99e-bd8157a88f18,1706092119523,56494,8304
a8a48feb-0a16-4b32-81c7-a4dfa0e24629,1706092119623,56495,8466
9daa1f21-1bfe-485c-b54b-22d0aec98bfb,1706092119723,56496,11993
c01cac13-38ba-437b-86b0-6cec38b098c9,1706092119843,56497,37282
c4b4ad18-8d27-4daa-bc53-1eafc84baa59,1706092119943,56498,2992
1c79f31a-900c-4111-8c53-cd9e4285f3bf,1706092120042,56499,42117
c38cea1d-da25-4fa1-8a82-1bbb3d83419a,1706092120151,56500,12399
c04afd08-a8c6-4822-b81b-19a217846bc6,1706092120251,56501,25953
1ce861f4-c5a6-4c78-bd5d-66b84597e82f,1706092120355,56502,22302
921308fc-e7fc-4581-a356-a5af1572463c,1706092120455,56503,35381
3159b01b-7376-4fa5-94f5-cfb9c23bbdd3,1706092120566,56504,63225
01dbb2fb-ba08-4f47-b45c-ce4e011048d3,1706092120663,56505,23707
ef20f7e3-583e-4467-8c94-42c25f036a35,1706092120775,56506,64216
464b2013-1c5d-4d7a-8f1e-2a9432413a95,1706092120882,56507,93
fa1cf0ac-84a8-4702-b1b0-bbdcb0fafce1,1706092120982,56508,17198
ca2f3983-ab3b-4487-9356-6a88ced0cf37,1706092121083,56509,46300
54190978-ec2f-4b32-a066-4dbe06a56d22,1706092121199,56510,27427
46e35139-d504-47ac-af13-150e62edc0fc,1706092121302,56511,61163
40907cf6-bb0c-43fb-a281-5720239f9359,1706092121394,56512,54218
75a1bf06-089d-4673-b26d-a9d318492337,1706092121511,56513,10089
a12fa6db-768f-4e1c-94ae-dbe2b9413c90,1706092121603,56514,58370
449ce64a-f3a5-4c2b-a7fc-cdbfc2eebe8f,1706092121711,56515,6424
d262a823-f994-4e53-9fe8-3ad5ec07c5eb,1706092121814,56516,38727
31e6a7e4-e099-4feb-aa43-f797542434c6,1706092121931,56517,7694
7f7950db-d245-4ce2-9b7f-bfe56bed01fb,1706092122023,56518,53290
ad89729f-0322-4a5d-a07d-335b86ade199,1706092122142,56519,49052
eb25d8c1-f7ea-4117-8cd7-2253121b63ea,1706092122235,56520,62361
9db25e1d-4fb2-4fdb-9715-e173b54f9aba,1706092122334,56521,41824
a9b74cef-53c4-4dac-a626-ae5629419999,1706092122443,56522,32977
9b696cc2-570f-48d3-9476-16c82d26b676,1706092122543,56523,11029
c1ed446f-0a89-48f6-b874-7edb3f2cc61b,1706092122654,56524,649
b9b139cb-e9c9-451e-ac5c-d5993e5629e7,1706092122779,56525,17922
88d4cc3a-f9ad-4935-81d7-2495106909ad,1706092122879,56526,62923
159ec85b-c49c-4db2-9535-79d027fa51f5,1706092122963,56527,64858
41c59a01-f9ae-4be0-b0d0-805c140f622e,1706092123071,56528,14340
e3228cc0-f43e-470b-904e-0eddb21aa909,1706092123183,56529,52373
81f31450-d213-4621-b996-f1b4ffe29107,1706092123275,56530,49370
66be124d-f333-409e-9258-3d01cda7e7ab,1706092123399,56531,15777
2fdae477-6eda-4878-a8dd-ca7b71be611a,1706092123482,56532,36945
4432710f-0627-4127-ad27-af7704249bb1,1706092123594,56533,1523
0a3afbf6-1d08-466f-9dbc-97ce53e0e1e7,1706092123695,56534,20075
a4743c6e-8a23-4673-8c9d-0ffecfef065b,1706092123811,56535,45904
6a19c8b2-a1be-4e93-a54a-04ec1d71a3cc,1706092123902,56536,39022
0ad275c0-8c65-4876-91f5-8ce6b6bea4ee,1706092124015,56537,27935
265ddd5c-59d7-4a51-8023-9886f69effd6,1706092124115,56538,5297
5dca9f8d-c774-4979-b3cd-28b9d60233dc,1706092124222,56539,5264
7eaab792-cb3a-4268-a4fb-418307b7d464,1706092124322,56540,736
9389f113-f50e-4000-996c-d0122ed11182,1706092124430,56541,16743
82bd2ea4-d700-47bc-9b92-65f875ec7a3e,1706092124535,56542,40483
c7b5e0eb-3385-475e-9cb5-1b687cd7ea24,1706092124762,56543,16913
d04bb87a-a12d-43d6-becd-583fff387dd0,1706092124854,56544,18409
b52c623e-aef2-4cd3-9aa6-e4b23b9a7d82,1706092124955,56545,12377
4fc785e6-e192-4235-8998-82b69ed3c6a4,1706092125070,56546,518
73badd59-5fc1-4744-8d53-9151d5170a1f,1706092125162,56547,42017
1c8a08f8-c2fb-40d2-96a8-14a59e8921e0,1706092125274,56548,48847
17955a6b-4578-4170-b64a-8f8ad4143ebf,1706092125374,56549,63480
e968255c-d9e6-4139-a2b6-a1249657ddac,1706092125483,56550,18964
7803392d-15cf-4b40-a5c3-edfbe56bf8c6,1706092125590,56551,21140
4b7f7662-b171-4d61-8c71-a5be9640a56a,1706092125694,56552,16800
c7942fed-069c-46bf-843d-24c41e1be158,1706092125795,56553,27770
5e3fa3b1-868e-4c1f-ab21-7e3049cb0044,1706092125895,56554,17850
466ea7e2-beb5-403b-ae00-9a0f8fb37207,1706092126002,56555,4533
ab0369f7-a6b2-4dd0-811b-5c165eec4395,1706092126103,56556,24714
5ef55ae4-c6b0-4e95-b33f-6e743a5e5f4a,1706092126214,56557,13811
5f88dd08-c855-4b5d-ba7f-4b38c151b5d6,1706092126314,56558,45377
87b473dc-27f7-4d00-be66-6c3dc22412c6,1706092126426,56559,3687
dc77d09a-adf0-459c-a30e-cd7eb1ed9921,1706092126530,15843,50813
def2199c-82a3-4a68-956f-78fbda05d5b5,1706092126635,56560,27953
0a69c934-bdfc-4642-baaa-cc4faa64d703,1706092126742,56561,19733
b4a0dac3-2560-48d4-b17e-62a7be101ec3,1706092126843,56562,55455
3f1fb6a7-0f3d-4668-aa04-ec50e5a69b69,1706092126943,56563,47377
797ddf37-c6fe-4a59-a124-16a237a8c8d2,1706092127042,56564,36079
b56521b7-54f2-4a46-9f2e-98feb9ca67b1,1706092127167,56565,58314
5c1acc7d-011b-4bc2-bbcb-f4a05fa759fc,1706092127263,56566,24824
41867fc1-e42e-4e56-bdbb-fc6c2291da4c,1706092127363,56567,32551
ac2b1add-642d-4a6a-9334-e4c11e0313ac,1706092127463,56568,34518
cf6ce455-fa20-48da-8248-3dfdb2e0b903,1706092127562,56569,21257
9c7c3aa0-55fd-4103-bfc5-830c7c7d2d30,1706092127682,56570,54466
c2641e95-8786-4fd9-b722-bf76f18ee92e,1706092127775,56571,52051
b5d02aa8-a75b-4095-a9c2-fc85546d9837,1706092127883,56572,54877
8df31cae-efcd-430a-af25-a00c1d9af150,1706092127975,56573,40449
0e471269-43bb-453b-bd4d-c93da196364a,1706092128102,56574,55017
Y�V� �&U�V�,1706092128154,68,67
0fc825f1-315f-42e9-8382-a735a7da48d5,1706092128194,56575,12161
1281f2ae-86d4-473c-b622-4fea9555d5f3,1706092128302,9216,59563
ab92d5fb-7470-467c-b55a-38d03f2ecc09,1706092128403,9217,58688
c6a864d5-ccc4-48c8-9cb4-eeb7b5ad3bf9,1706092128510,9218,56716
66a611cb-b1d6-4562-95bf-28d9a511abc3,1706092128615,9219,61383
0c135ef0-ac0c-4037-8d0b-454c7b2b3298,1706092128714,9220,37589
8bd9e11c-d485-4b69-8ed6-974cf6b4a034,1706092128823,9221,21102
baf382d8-0834-4a83-aaad-8cfe76eae2b0,1706092128932,9222,28354
6949b483-5c61-4dd9-b50c-9f2f442e807b,1706092129043,9223,2069
4626eeec-bf32-45ca-9df4-a1468a906c5a,1706092129134,9224,46181
081e4296-4dde-40a8-981f-6de4be1299db,1706092129243,9225,1955
f47259c5-8e1e-44d7-a3a5-cdf1c3774e0b,1706092129343,9226,2387
97863494-67b5-433f-a558-d2d92bb263cb,1706092129455,9227,16207
16f495a7-fad3-4e74-8dcc-8590ea3c41f6,1706092129554,9228,2204
06387311-89f6-4a88-9765-5c19104d0e1a,1706092129655,9229,37741
27376963-2397-4a9b-ab2c-5ef761fcb556,1706092129771,9230,55948
618918de-fe6e-49cc-b341-d666f41c71e4,1706092129871,9231,52804
55b872af-50ce-4ed3-95e1-f416efa0ed5c,1706092129975,9232,37462
6a30ff60-47bb-4671-9a04-0c4750f22fb1,1706092130082,9233,6125
01f5c939-1964-459a-a83e-261d61b8c7c3,1706092130190,9234,31871
e2dfa22a-cb13-490b-b3c0-f84447d95889,1706092130415,9235,53694
c844627d-fbb5-4485-8f73-d8bfedca574e,1706092130502,9236,28015
2243717b-d217-4a98-be8f-04f8a41fc111,1706092130603,9238,3867
9e73c83b-e5f8-4978-ae9a-6b4ca997e331,1706092130714,9239,64820
b01f3818-a117-4b0a-b06b-550d95f4c6aa,1706092130815,9240,40199
848bd3a8-bd46-4987-95c8-5f17bfdecd65,1706092130927,9241,61081
5217674c-5359-4c91-a9c8-e8f1d023fafa,1706092131022,9242,25569
37cb33c6-5b10-40e8-8c46-37f0dc8d5966,1706092131122,9243,6016
57175e11-759a-4474-8ac6-1c18de7bfab0,1706092131234,9244,16874
8cc316bc-91d6-408c-b855-33b7432c515c,1706092131334,9245,7756
3ce965fb-068a-4ceb-93d5-728415d9f7fb,1706092131443,9246,52539
2e3669ce-d75c-4619-8b0b-733d87fcb9b8,1706092131550,9247,41610
49d3c9e5-f7b9-4566-b779-7aa788cd22bb,1706092131661,9248,5101
e09e60df-b3e8-419e-b618-93d9f0cf48cf,1706092131771,9249,639
fecd5d1e-fd8b-459d-8ee9-006c01ef1904,1706092131879,9250,46218
1f1f9c3e-7594-4e4b-a9f3-48a90cd259ef,1706092131971,9251,45350
8613d57c-2bfb-4eb2-b41d-37bddc026279,1706092132063,9252,48599
f90ea63f-26b4-4eb8-8f31-cfe502cde38f,1706092132182,9253,26076
4c496107-52c9-4976-8a40-b5beed0fa8a2,1706092132274,9254,4339
a682fc53-6249-4c36-a747-5b1aeaf9a81b,1706092132407,9255,8356
868ed6f7-983a-42b0-b84b-79e01d0437af,1706092132482,9256,48146
f4948b2d-5ea6-4bd9-a38a-af3b9c0daf1e,1706092132602,9257,35960
502db7ee-c3e9-4412-aa37-71022f393281,1706092132694,9258,37493
c68ffb71-a02d-4d7f-9415-4f2c96b3d722,1706092132802,9259,54412
703e1e72-9af2-40d6-be82-4e4a63c57793,1706092132903,9260,23472
fbd9ef1a-af34-45f7-b61c-a24cecb54216,1706092133002,9261,1329
77226d0a-8440-467c-bf4f-95ce3c2d3b63,1706092133102,9262,19091
36afa80b-734f-49a8-8a4f-a8d98696cc37,1706092133214,9263,60264
aa5f5702-2e9b-4a35-acc3-c41aa3c2745a,1706092133330,9264,60755
e260d212-80c1-4409-92dd-adf8c6fe328d,1706092133430,9265,36365
7f9ad11a-42a7-4649-aac1-308f12769072,1706092133535,9266,52279
f9fdfcce-f21b-4227-8ae8-6403afd2a905,1706092133635,9267,32628
ccca7eae-146a-463b-9e68-be585fe6a5dc,1706092133747,9268,13086
a4f218ae-3e7c-4021-961b-d6beaaec10d9,1706092133843,9269,26671
258f44c7-86fd-458d-ae77-f179e2e8351f,1706092133943,9270,33943
d153f53e-e95e-4c9e-97d3-5a3f1303a738,1706092134054,9272,6077
5b8081b7-7b8a-4cad-b734-3b78008fb723,1706092134162,9273,18070
bacf8a3a-37a4-41c4-84c8-2566de0f025b,1706092134262,9274,27538
d30e2705-3ad5-4110-baa2-c068a735edc9,1706092134362,9275,45288
b3ee17e8-7b33-439c-8552-978147d3ff2e,1706092134482,9276,23598
b4179c30-5fc7-4229-8831-6aa21c4c0f3f,1706092134583,9277,24432
c7223286-4cb6-47a6-ab08-b43881727be8,1706092134675,9278,19576
c103c65c-9956-4207-8cf8-36aa6775168c,1706092134791,9279,41167
f0b26954-792c-4474-b8c7-8424f080a7c0,1706092134883,9280,20801
c5fa543b-6678-444f-a9b0-6d0262518f7e,1706092134995,9281,4563
31700c7d-2537-4e66-91fb-9ad5d0718891,1706092135095,9282,36255
b18f7fe7-c8f4-42ba-b688-9dd577280905,1706092135202,9283,36014
fadcaedd-b351-4290-8e4c-f0a5d8286da3,1706092135327,9284,55273
78dd6996-2e89-42c0-8725-dad07b9776a8,1706092135403,9285,6982
87373357-a103-47fb-93da-d16c06ba1c27,1706092135514,9286,3497
f868058f-03b0-44cd-8781-4467ce2d47b9,1706092135615,9287,61366
1849132d-4fa1-4614-876d-e5d33e3a43bd,1706092135722,9288,63960
78a8610b-7e45-4209-ba58-1c12ab1db921,1706092135822,9289,30722
2b9660aa-810b-454a-950b-0fd4b6ddcde4,1706092135935,9290,18176
150220ea-0512-46df-88c8-9626f0339165,1706092136043,9291,18463
6446937b-4362-4ba4-a35f-fdfea0e7dfe7,1706092136159,9292,61410
0af9a489-c035-4e3d-8c06-744479e38410,1706092136251,9293,36566
869bf490-ae8c-47a8-9bbf-b89970a1ee44,1706092136354,9294,25713
d764e960-3086-42b4-8111-95cd5e522c39,1706092136455,9295,44960
664c3387-115e-4a4c-a0b1-b0591fcbc0cb,1706092136555,9296,44662
515c1a5b-f077-4a8b-9f45-e733bcc74c33,1706092136663,9297,33215
72f1b5f4-be6c-450a-8821-66551c9d6ff8,1706092136882,9298,34821
d57a92a8-38c6-442e-a90c-8d142c02dd26,1706092136982,9299,1158
a642825d-cce9-4644-8419-6358561579d6,1706092137083,9300,53542
3658e836-0ed8-461e-9143-bc121cd2d9dd,1706092137195,9301,59555
98594267-a1ba-49be-b52b-b728843a8f84,1706092137294,9302,64938
0a5272c9-1ff0-48e9-9fd4-80ae377d8fd7,1706092137402,9303,19388
30aae4d6-23bf-46f3-95b8-3cb4a6742b47,1706092137503,9304,22183
e8052961-3c85-45b5-98d8-abcfeb8c0852,1706092137614,9305,35911
f06a5e72-3948-4f7a-b200-1aeb1b09e3d2,1706092137715,9306,7494
d5711ee7-b693-4c43-b565-801c4bb88614,1706092137815,9307,37853
ecf418a2-754f-4dee-9755-e77278a63bfe,1706092137923,9308,16369
d15134f0-56d7-4dd3-bab0-f2acee478549,1706092138023,9309,52701
28a9b7df-aa6c-4e51-ab5d-d4322b72b75e,1706092138150,9310,46981
0e5ac6ec-11ea-42cd-aeaf-240762619049,1706092138242,9311,22005
3d8f49ec-fbb9-4b23-aa15-4e793105a204,1706092138351,9312,21432
5c8b32be-117b-4e31-932c-3b705b5c6c18,1706092138442,9313,35300
59506186-99eb-4951-8bc9-702df19d6b1e,1706092138555,9314,36420
3fff3e30-bcc8-4b95-957d-da805e81b14f,1706092138654,9315,33913
21f238ab-01d7-4f0f-93a6-6fc394ec6e78,1706092138754,9316,53077
c684be36-108a-4738-952d-8ac6e019cb91,1706092138865,9317,16283
e5632237-b93f-4b17-8765-cfbc0beb812f,1706092138970,9318,36189
3aac36b3-15c9-41f9-b1bd-48ffc3f63187,1706092139075,9319,39593
bf6954ea-ccce-439a-add9-d1eb0ed2b362,1706092139175,9320,16232
2c4b4777-5979-4268-bf7e-9c4e95aeace8,1706092139283,9321,25206
465a5ef7-1e82-4620-bb1f-be3915fe7dbc,1706092139383,9322,29181
fd899df9-355e-439f-8634-6d37156cb3d3,1706092139494,9323,23723
da57e8e3-ebf3-4c7f-ac01-d4bf74412938,1706092139594,9324,10233
e22cf579-e73c-477b-b1f5-8af213dd2ffc,1706092139710,9325,13951
59e5c1e6-108b-47ad-9fc3-5f4d55302578,1706092139810,9326,64186
89221e85-d2b0-4e2a-8964-d65d1d03195b,1706092139902,9327,28645
ece75aaa-d5a7-49ca-9368-c5d91f423ea2,1706092140022,9328,3555
2d7fd0f7-acdd-4321-8946-82e803cd582e,1706092140123,9329,23925
5e61ee91-0703-4867-ae7c-11163e8ccc9a,1706092140223,9330,19980
32d60be8-635a-42cb-a64a-a785d3d3a985,1706092140323,9331,37940
fbc9f030-5721-4b11-975d-09b8c9645875,1706092140442,9332,22486
7b7ea2f8-d3af-4578-9ebd-ccf01ddc37f4,1706092140535,9333,59693
d7714c00-d783-49e9-a7d1-ea1c81615658,1706092140634,9334,7933
197107ef-a88d-4dec-a6c9-1331fc2a660e,1706092140742,9335,9637
a0686d28-c5f7-43d6-a410-97e76b025fed,1706092140842,9336,1633
4603a9ad-3e3e-49a0-a507-74f29d5b08b1,1706092140962,9337,31972
e12d1ab8-fbb9-4b36-b1c0-781df9419ce0,1706092141054,9338,29487
a41978fe-2d72-4416-af61-28852c9d1858,1706092141170,9339,54064
ced072bc-50e2-4f7f-baaa-045f6e8eb410,1706092141263,9340,53075
cd7ed90e-0ecd-48e6-a9d0-4c249df68b80,1706092141371,9341,47571
17256910-6a47-4f24-b126-ca638b377dcc,1706092141475,9342,46581
d2a392ff-b039-4f86-bc8f-f13a0f19a56b,1706092141574,9343,27153
102a2b62-cc5c-4dbb-bc46-d70ab9be5430,1706092141682,9344,6788
f9995af1-a3e7-41de-b31e-3cd52173a0a1,1706092141782,9345,15538
6f2960ab-abc7-4f1e-903d-6f35a6436785,1706092141894,9346,12578
e3681826-90c5-44bd-8e44-a33a6ecb09dd,1706092142002,9347,42817
8bb6dffc-89ef-4077-9443-3dcc507da2d5,1706092142102,9348,364
02b75da0-1ed1-4a7b-8d92-3d2025f42aa0,1706092142254,9349,25380
783c472f-c793-40a6-af30-682252167af2,1706092142310,9350,46207
d4e340ed-06cb-493a-83fb-43f29460047f,1706092142422,9351,23886
87066fe8-a7d4-4d7f-b431-eb6873772613,1706092142515,9352,22488
7cde98c0-e5e0-43bd-b093-4aed7c5eafb4,1706092142630,9353,57306
e596cfbe-35cb-40e5-b821-2ab72acc3018,1706092142731,9354,11171
1c8e4f25-36bf-4b4d-b447-4e99cffd2e7b,1706092142823,9355,27833
92e4e789-4af0-4e77-a3f7-8291583079e6,1706092142935,9356,40463
fdb41eff-dd0a-4146-ac6d-859fcbad5881,1706092143035,9357,43006
bf63a8d2-29b0-4d06-9bbb-0e9421fe865a,1706092143142,9358,57728
92b8be86-2a8c-4db6-a43c-1603a980e16c,1706092143243,9359,36829
ad7ea6e1-43e8-4041-8417-6409da0cd169,1706092143354,9360,43319
61adcf9d-4296-46cf-94e2-51c877f0e099,1706092143454,9361,13529
e56cdcc7-b98c-4064-a1da-1c35727c842c,1706092143562,9362,470
2ae01ec9-d31d-4239-b969-486f29595818,1706092143670,9363,5494
a7d8f57e-a290-4cee-9f33-f762bdd7a708,1706092143774,9364,51714
5da29d56-1110-4c9a-b54f-0adaddaca57f,1706092143882,9365,39421
cfd47b7b-6b45-4f24-87d1-1fefa5004681,1706092143975,9366,38074
3f6b940e-61ba-4fae-b92e-088828d608a2,1706092144090,9367,9353
75071eed-4fa1-4319-b947-f463ccf2bf20,1706092144190,9368,49991
76302e26-2c15-4414-a4db-99305d9a801c,1706092144294,9369,7808
3995570c-0757-45ce-9f83-60bd0fee3c37,1706092144402,9370,42437
05615d69-3b1a-42f8-8354-a742b1413c08,1706092144495,9371,29313
d033d445-cf06-4516-b1e1-866306548721,1706092144602,9372,14399
19b63684-2b75-4ffc-9044-e0aa0cf533b6,1706092144703,9373,43754
54071c11-fa3d-436b-ac76-ed33aa25009b,1706092144823,9374,57057
db9af6ac-60f2-49eb-8382-6cb25265fef6,1706092144923,9375,59166
e1b56812-2cca-43cc-bfd9-07877a706c42,1706092145022,9376,32307
e8f20320-8a6d-470c-bdbe-24329e472d86,1706092145130,9377,42385
88b6a05a-aa65-4ee6-a999-ebe3ceda68fa,1706092145234,9378,7766
49e1f6cb-c20b-4ef6-8d02-7e8577f18e07,1706092145342,9379,34364
8144f778-4363-408a-9087-153c3fb266b4,1706092145442,9380,13746
18edf157-1927-4d5a-b574-bb5ba623233d,1706092145542,9381,59358
6e23a3f0-260e-4102-8f37-df108e82c941,1706092145642,9382,49804
b7dc4e4e-22ac-4360-990c-ed579d5c6a0e,1706092145754,9383,30776
db87e63d-a904-40c5-b0f6-fd87b23574b3,1706092145854,9384,64061
359292a1-4d72-4ae6-9656-797d2972bd97,1706092145963,9385,41349
cda49dec-fabb-40a9-a2a5-9af0c9642da7,1706092146070,9386,22491
14b90a35-620e-4ee4-a18a-75ac652847c6,1706092146174,9387,41324
3cb6f09d-70f2-4529-88ee-2f6bffd96e93,1706092146282,9388,61854
d92f7b0d-1b2a-46fa-9d71-c1f199f84348,1706092146383,9389,42663
4a8f0128-79dc-4314-b90d-b6b278d9c2d8,1706092146483,9390,52584
d0a34cc7-9f04-497b-9894-6116bb60411e,1706092146582,9391,6085
b9174cf2-04c2-4542-b845-4e7071115533,1706092146706,9392,26462
b1de75de-99e1-42d1-9c1e-ad3590facba5,1706092146802,9393,3795
8��:����mT,1706092146827,26876,1194
c8b49bf6-065d-4bd4-98fa-88628d238be7,1706092146902,9394,41009
887f0953-4cb9-4102-8fe4-e7ba75db60e5,1706092147003,9395,65394
98b64880-ce58-4a9c-ac35-2d430746029b,1706092147114,9396,11238
b86ddf6d-94a1-4683-8d10-0d8dae584b9a,1706092147215,9397,44951
0a26cdca-0299-42cf-a2bd-25e9f74081dc,1706092147314,9398,6078
a815c4de-41d3-4862-ac3c-f86844f315f1,1706092147422,9399,38149
ca3d4a71-ad05-479e-9d69-c3e4b70ee3e5,1706092147522,9400,7802
3866200f-a650-47ac-874d-56409c9b4c20,1706092147634,9401,18904
dea18fd3-5cf5-47db-834f-897eeaa4b93c,1706092147842,9402,55095
aaa6867b-59c2-410d-a2db-178cd86c7111,1706092147954,9403,59444
5b87e833-9766-4a81-b2bf-8b0e4c52194d,1706092148054,9404,11792
57f3438e-f225-488f-9fd7-dfbaa2d5b0e0,1706092148163,9405,63877
4d08a236-56a3-44d8-8319-b9d917bbc38f,1706092148262,9406,27411
f4cdfd43-f4db-4fc7-9290-ee970d2657c1,1706092148362,9407,9602
c66de2f3-fda7-4636-87ba-6044ee8c12e6,1706092148475,9409,16692
afb6c7b0-35c5-4733-9fde-50c6ee8ed92e,1706092148575,9410,23206
30dce6da-4444-431c-90df-e536010b343a,1706092148682,9411,29939
f4346d7a-d20b-42eb-8c25-6f17f3386c3e,1706092148790,9412,46053
e3467670-7992-41d2-a907-78f98cfe1761,1706092148894,9413,8204
7b9daac3-14a1-4b0b-b377-201ed87726e6,1706092148994,9414,32768
cb929928-3146-4898-ac47-c1569562fd88,1706092149118,9415,53987
a3351b46-cebe-4e49-aaa7-0a4ce2c7e8ae,1706092149202,9416,16330
58a1327f-7cde-4e27-957c-12da8d554bbf,1706092149302,9417,35803
fba90ff9-8c7c-4d2f-a113-a16d31303bb9,1706092149423,9418,21027
30443fce-cca5-4ffb-9be8-180205a1cf8a,1706092149523,9419,48846
874270dc-2099-4d23-a395-0b93d4cd563d,1706092149622,9420,45205
1d4624ff-47c5-473f-aec6-f768967727a1,1706092149730,9421,12777
02943c19-fc9a-4309-b5c1-16f0bdb3c243,1706092149846,9422,34890
d286b3e1-c5fd-4f47-b209-4903d070f5f2,1706092149942,9423,31006
e698e24d-41d6-464b-97cb-f59c35b97739,1706092150034,9424,37649
99ae80c8-09a0-4dbc-beea-5e5262e827f8,1706092150135,9425,31030
29d2c2a3-052c-49f9-b505-57989bd51f5f,1706092150250,9426,56215
feb2cc92-baa7-4b2d-a8d6-a2cb76485ea1,1706092150342,9427,12223
576c2dbd-df81-4148-ae0f-f617663701d8,1706092150487,9428,5706
c5b403f1-f2b5-40dd-a02d-7f8084883a43,1706092150563,9429,7951
725333b7-72cb-43e8-99f9-80c7f303ace8,1706092150662,9430,15606
fad5e628-83b0-478f-8ed5-e1b714c71744,1706092150762,9431,55488
72e268c4-fc40-42c5-92b9-bd2da9c9ab88,1706092150862,9432,31749
e2ae57e6-0149-45f8-ad61-797a75af12d9,1706092150962,9433,28407
856ef2dc-49f4-48c6-a12f-9d97979328da,1706092151074,9434,27257
14bbdc05-88a5-4a56-8b39-1e729ccb67c8,1706092151182,9435,52870
e78fd53e-a260-4b89-b01b-fcb3d7511bd9,1706092151282,9436,42211
b8f185b1-aa52-4048-a60b-fc55e04bdb82,1706092151410,9437,13171
45ecbe0d-29d9-474a-8443-72b5cc9a86d0,1706092151495,9438,7047
4c29a26b-74a4-4d31-b77e-89111bcf2320,1706092151595,9439,6544
7012fabf-4032-473f-a120-b1e1b6074bfc,1706092151718,9440,4777
a1dee780-0129-4f94-a60b-a31e8d207cf9,1706092151811,9441,16109
6e56e5b8-f59c-43f7-9698-be12ea2a62cf,1706092151930,9442,25261
39471f63-8233-4757-b134-de7f63b9e897,1706092152030,9443,21195
7daacc17-cc13-499d-9471-33911c10d571,1706092152130,9444,47014
cb5e57e6-2a66-42fd-aad9-20096b27ac1b,1706092152223,9445,13232
93516bd3-ac23-45ca-8ff5-9e86114f1ba2,1706092152350,9446,50338
46a9e6a6-a16a-4ae0-bf20-71d365558a2d,1706092152435,9447,39965
0e953958-33a9-4d3e-b568-b5299cfa7c6a,1706092152542,9448,38503
ffdcaf0e-e459-48a5-be36-4d57dc379028,1706092152643,9449,9073
6abd5ca9-2a90-4d7a-8707-b8d67099943b,1706092152742,9450,34123
783335c3-0ce3-4c63-9d89-ec113951dfd4,1706092152862,9451,45399
319bf9d7-2d21-4323-92cb-9653ba44dada,1706092152955,9452,159
518e4adc-201b-4cc5-958b-a229b28151f6,1706092153070,9453,46167
13f61556-d97a-4eed-9d35-c9c696187b13,1706092153170,9454,53286
7c194276-844d-46a6-a845-f00698bf5e21,1706092153275,9455,41466
02571de7-28d4-49d7-a819-0cb557c8ef7f,1706092153382,9456,50483
c565079d-7006-4e1f-9d81-a85d5e2ddf77,1706092153490,9457,6570
3e72ff8a-9a43-4445-a3c5-7a6463ed10d2,1706092153582,9458,2495
efc9d42d-ba37-4593-969f-3b5229fee8c7,1706092153690,9459,65286
ea26c358-e2b4-40a7-9961-ec8db143a0c9,1706092153794,9460,51602
adae0ee1-ba43-44f9-89ad-d6b1b66ff875,1706092153894,9461,39291
1f3dd9dd-be22-4929-bfd4-6f44bc1051c7,1706092154010,9462,17239
0b1ee6f5-6a95-447a-9623-324088d84d22,1706092154102,9463,46543
dbdbea0d-a8bf-4476-939e-2aeed8c17139,1706092154222,9464,25588
e0ce3a9e-09d4-408d-bfeb-457aa52a8b1f,1706092154314,9465,27919
d3152c07-6de9-46e5-a278-627fd0d92d14,1706092154415,9466,56152
6378af4e-1f19-4393-8cb5-2eef37762018,1706092154522,9467,27627
3a35281f-41d9-4b9c-99ef-e8e80a8cc677,1706092154631,9468,35391
7ed6b7aa-7c46-454a-add0-1286d0d28fe4,1706092154743,9469,17255
f009eb58-5137-4809-83d7-5f91807bb1cb,1706092154835,9470,50395
dccc2ecf-c1d0-4b16-84f5-3f479f96fa7a,1706092154935,9471,58175
1135c656-6bad-457b-9c53-2fd6b4769958,1706092155042,15616,22212
6e085678-123c-42ef-877a-9d6f26f53865,1706092155143,15617,44362
213d5c83-63ea-4ecc-bbc8-045eac40a244,1706092155263,15618,48128
23e4be8f-e0a2-4fe0-a762-46232630c39d,1706092155363,15619,56779
650ecf9a-2694-41de-ace6-d3d7f35ae902,1706092155454,15620,47544
c0a2c098-8a89-4e70-8dc6-faf9bd74b4eb,1706092155563,15621,25997
52d9f27a-6a76-4ffa-a1e0-48b5ac969184,1706092155670,15622,5126
991ecc1b-759d-47e4-a584-34e332de2401,1706092155774,15623,33259
5c37b2e9-4a7e-44ce-92ef-9f84097f0916,1706092155874,15624,47507
70072c48-7d0f-4ad1-95e7-4701d33db1a5,1706092155982,15625,22556
412a58de-476d-4ac6-94b9-48395d41906b,1706092156106,15626,49347
96342a09-447c-46b8-8a80-c74f8ef38ed7,1706092156182,15627,48967
d48f0932-5528-46fa-9b25-795cd3508ed3,1706092156294,15628,45093
8d48c85a-7c85-4258-b798-f6599ffd71af,1706092156394,15629,10896
926796c1-6ac3-4c19-8bdf-241070b1d7bc,1706092156503,15630,16206
4f5c6a6d-dc3c-4a44-b67a-2dc0a559dafe,1706092156603,15631,23046
d699fea9-5574-438d-b816-fad81535d9b4,1706092156714,15632,12513
8165e81d-ae97-4436-ad2d-2de1db2a831a,1706092156814,15633,57199
ecd6eda7-8951-4166-aefa-2d05b06c7c7d,1706092156922,15634,60163
92934ec9-bda3-48bd-a9dc-012290f76b7b,1706092157023,15635,14882
97a43bc4-89ca-4292-a561-825adf616629,1706092157122,15636,7585
8f0a1e92-0267-4709-a25e-f0b89f6b0313,1706092157234,15637,42286
b31d8b24-e9ad-4503-8f2e-a6206ef3dfa3,1706092157346,15638,33999
a3013d72-4215-4a50-bbb6-e03bb7c9b28b,1706092157435,15639,22387
ef501d7a-87ef-4258-a8d2-ec97eed4dfe5,1706092157543,15640,28229
1194bb49-697b-4273-bdb8-0428a673257e,1706092157651,15641,51872
4909d9c4-329a-47fc-8e34-cec6f985286c,1706092157755,15642,61738
0b41f9c8-df2f-4351-939e-5a923998f811,1706092157862,15643,45022
b0832895-217a-4a33-9845-a72abffba28c,1706092157962,15644,22068
c868b8b6-6241-42d9-8d13-fc618385899a,1706092158062,15645,683
9b9e5ce3-52da-4940-97ca-59e2e013acbb,1706092158163,15646,21517
f89cbd74-8ed4-44e7-b10c-2f4566ae7fd1,1706092158274,15647,26788
3763cb72-a063-4348-822a-7c753f8fa90d,1706092158383,15648,28851
5dbfa52a-778d-494c-8234-edf90faf27f9,1706092158594,15649,65323
9dabd963-772d-4248-aaf0-255d6ab1d194,1706092158695,15650,50800
f46aced6-0f3a-4a47-944d-e09d4cd76a3e,1706092158818,15651,20042
69b4f1b2-0bee-41e8-975b-e20973fbd13e,1706092158902,15652,51214
f8b9c0c7-cfa8-4dd4-9089-41cc9aa4e0b6,1706092159003,15653,687
f5fb11f5-68e3-4a99-9b12-d47ed8982475,1706092159122,15654,52406
3182755d-b24a-46df-85a5-0b6ac1db78fc,1706092159214,15655,10711
8726482a-099c-4db3-aa58-ea5c5ec4cdee,1706092159331,15656,55539
8ef055a6-fe0f-440e-addb-45b85fa790aa,1706092159431,15657,10569
7a2db9c9-87a6-44b2-9fa4-a033a2e5e099,1706092159535,15658,62665
332ab5f3-a662-4e55-9334-c04666238c46,1706092159643,15659,32580
fa76acac-3c26-49c6-bc66-13260bff5e2f,1706092159734,15660,42788
86ef2129-02f4-466e-bbf9-1e219f4c640f,1706092159834,15661,9537
2fbb555e-3167-4d38-9845-b21fdcf3b290,1706092159951,15662,12232
f68d9be7-d42a-4c2d-9e3b-f5f9ae6b617e,1706092160043,15663,65383
dceece5f-270b-4b24-a92f-e2d389b091b7,1706092160162,15664,35455
Z�V�@�&U�V�,1706092160230,68,67
64bf9c5d-d1f9-40f3-bcf9-a43ddcd74b41,1706092160255,15665,58686
f9749bec-7df0-45f4-a43d-d2140f88c420,1706092160371,15666,18501
6624c148-0897-4ce0-a0bd-eb6715aa02a3,1706092160470,15667,57808
a1995838-8b56-4bb6-ad8a-04056d64e597,1706092160570,15668,9922
a0042447-18c3-4eb5-aab3-257c716748c5,1706092160683,15669,60948
3b18f551-2b6b-4438-af61-81f9bc6e2e75,1706092160774,15670,46834
e2bf1f77-79ba-4fd0-8929-34cb9478e1ce,1706092160882,15671,56291
a135c3b5-2ce8-4ad9-97c6-27347cdca5cd,1706092160983,15672,26515
e1367c56-c01f-45e4-9ea9-93ee0eb6e864,1706092161110,15673,31738
c5dad74c-3704-4a25-9e7a-6260299e3f52,1706092161219,15674,23632
79a332ff-a121-43ae-8f5d-1f49bd8aea04,1706092161318,15675,16325
ca2a7328-c643-49c8-b3fa-b6a47a74583c,1706092161402,15676,17730
3c39d2cc-f850-4b31-8401-178637737f21,1706092161506,15677,1425
f5595c2f-1d46-4651-8f45-6c519a7db681,1706092161602,15678,29605
c05bd1f6-5a26-4885-93b2-dd5d45efefd3,1706092161714,15679,53128
fb66239a-410f-4913-b845-69ce7ee85121,1706092161822,15680,49369
bd89b527-a1be-43e2-aedd-79abbf045e78,1706092161926,15681,17354
5c0f330e-4c5a-4687-9499-57fbd9b8f953,1706092162023,15682,57159
91fd74ad-7652-42a8-ba36-bc91d52ba5f8,1706092162142,15683,47067
0a2e1b1b-ad69-4f82-a7e3-644838cd3183,1706092162234,15684,44197
f44345b5-6dfd-4be9-b7cf-bc85b38081d0,1706092162342,15685,16470
56cbe4a1-7ab9-40be-a8da-9df82839826d,1706092162450,15686,1320
7b1879ce-0d03-4aaf-8524-977f746a6267,1706092162554,15687,45460
7de3ece9-5fc4-4fec-83f9-92d0096f1feb,1706092162654,15688,50018
674cc85e-52ba-47db-beb5-dc5e6fcc935a,1706092162762,15689,11840
91778934-b0c7-4c01-bd1d-17f507e1b57a,1706092162870,15690,51291
4a343c18-7fc6-4e32-a41d-6e5d956559f2,1706092162962,15691,42293
ad45f726-82e2-48d5-b407-6a2c870098ff,1706092163074,15692,41797
1fa90e92-5e18-4e3b-b868-46f43fae8c0c,1706092163174,15693,13464
f861ead0-c582-48a9-a0cc-26216338c87c,1706092163282,15694,65146
01e05e13-5087-47ca-a02b-f7075cf20946,1706092163406,15695,19851
63808e03-2a33-4714-aeeb-197e51897944,1706092163502,15696,11128
b3ebc14d-597f-40b1-954e-a051af95882f,1706092163602,15697,57729
7f3c8394-ebef-4a86-a947-ef70d673321a,1706092163694,15698,11540
d1857707-b527-4b60-87ab-bedc6ec59b90,1706092163810,15699,12390
3b133007-676d-4666-96a4-bf11f57a3b6a,1706092163902,15700,49071
9af76fa0-8329-4018-97c2-3cb36ece52bb,1706092164015,15701,30018
0c66bb7d-75cd-422b-911a-2a7f37d65c1e,1706092164114,15702,14689
79569f21-a72f-4246-b28b-486de160765f,1706092164222,15703,40433
741c9b36-54a3-482e-933e-7d1dbcd55213,1706092164322,15704,45695
57253bc9-3f5d-4785-8a50-4e8cd743073b,1706092164422,15705,10351
f221039c-51f0-4308-945b-8b6fa6c067e4,1706092164534,15706,3810
f6ede475-d2c4-4231-ba5b-b4671580cc3c,1706092164638,15707,24080
7adf273c-d5c7-4440-9ca6-60e444a9365a,1706092164758,15708,45473
d684f428-1c4d-4e3e-b67a-96e0bb8fed6e,1706092164859,15709,36685
41aace15-1210-442a-8200-90555e2a48d2,1706092164942,15710,10352
ff242b63-47af-4189-9503-405f32bb6671,1706092165054,15711,22351
0bf54b6a-5fa3-4d95-a65d-9b10f3ccc409,1706092165170,15712,33759
5a66a360-20b5-4eae-b2f3-f1d75d48f7a4,1706092165270,15713,36301
fb2ffe05-4574-4ebb-b73b-e067a74f264e,1706092165370,15714,27836
13efc287-2f33-4d6f-aab1-6114f3255ce2,1706092165482,15715,5158
58c8ba78-94bb-4795-8024-14f40ae24d03,1706092165574,15716,35158
aaa302f4-6e59-4613-9769-344aa21a65d8,1706092165682,43686,1589
c3aa48a6-42a4-4a69-aa3f-2e49617c96d9,1706092165782,15717,54039
85224221-b824-4597-986a-6afcd95bef24,1706092165882,15718,22070
b932f335-d25c-44e1-9233-772fa408c2b2,1706092166002,15719,1194
bfc5ade3-c6d4-4896-bcff-249cab74a329,1706092166111,15720,52880
25ec50bc-5034-43f7-9d7f-92e99f643cc2,1706092166202,15721,10045
796c1d06-1c83-4621-aec6-a555a0c32c20,1706092166302,15722,61971
efc230d8-b8fc-4c6b-a49d-60fc31893d29,1706092166427,15723,8971
d0692d7d-8c59-4e1e-bc8f-01c33cd0d576,1706092166514,15724,28703
e22ee692-e4b1-422a-8bd0-2321a166766a,1706092166614,15725,63124
9b31310c-7013-4a15-87de-393620c94bf8,1706092166722,15726,55717
2f529ee3-7fea-4531-afb6-47e2e2c19038,1706092166830,15727,25240
4431d3b3-5a58-4d5e-8867-ae2f84223318,1706092166942,15728,1521
dbcf94ff-550b-4030-bd8d-143f3ade8c49,1706092167034,15729,58731
1406d1db-7121-42a4-89f9-0e1f08e60020,1706092167151,15730,55649
e96288cb-e5d7-4329-91f2-d6aee2871a0e,1706092167242,15731,54363
909d9864-48f8-44f8-93e1-a9fce189543b,1706092167366,15732,53249
692c5318-1ede-4f05-a047-97a0fabc78a1,1706092167447,15733,42551
9d8842ec-06ce-44f5-a051-34b0c1a57008,1706092167554,15734,17787
0a7539ba-57fb-471a-a9d6-66ad702392b9,1706092167670,15735,25671
7e06d6c6-eafa-49cf-a19b-798e52f4aabb,1706092167762,15736,11468
e9579829-2b95-47e9-8e93-6a21e4aa0095,1706092167874,15737,54223
3813ae63-0e89-44cb-8f2d-9ef1b4262876,1706092167974,15738,65318
267f2090-ff8d-4f9e-a5ad-5979b61c53fb,1706092168082,15739,23806
a6a854e1-3c85-42ad-92bf-37e39997b291,1706092168182,15740,48434
ea8cd8dc-0d7b-4811-8d23-2bdc129d0c33,1706092168283,15741,15496
75c190be-b693-47e0-92d6-fe7daedd4633,1706092168530,15742,31861
a69dacfa-ad5e-4b6f-906c-2e3c60612118,1706092168607,15743,33313
26cb0afa-6963-4d59-bb89-60ee14464570,1706092168722,15744,13196
c7eaf5e0-6e8d-4f1e-8ec9-92104437145a,1706092168822,15745,22480
d4c47431-687d-478a-9b61-d353861d0626,1706092168923,15746,16644
46c4f57c-0bcb-412f-933a-9257ae1ca27e,1706092169022,15747,37725
6965c559-c0fd-41b8-b686-f416836085b0,1706092169130,15748,56906
41d41f84-4caf-49cb-949e-379584b1b8d6,1706092169235,15749,46677
0bca86d6-d6f5-4fe0-a967-bf4cd7294246,1706092169335,15750,48409
f97bfad3-7115-4559-8a6c-9cdac78ce26e,1706092169434,15751,63264
9d41c81f-af45-4ab3-b680-53e700fe5a3a,1706092169542,15752,40330
54efa23e-3e79-4c74-996d-6643f9c2d776,1706092169642,15753,5675
7b9d2bd8-059a-414f-8c1b-a16ce598e384,1706092169754,15754,41923
732dc497-ec2c-4d15-868c-0220359cec77,1706092169862,15755,35102
6bafaa99-22b6-4d7b-81da-bf5c6687ee12,1706092169987,15756,34812
14e6aee4-b46c-4725-ba25-b81c86bfec4b,1706092170063,15757,40393
479cd104-fb20-4d68-9cfd-7dba0d33d073,1706092170170,15758,39683
fe563599-76c6-43b4-bc2b-9e1ce45c3fb6,1706092170282,15759,18341
4b700684-d9d0-460e-a8cd-272d728621b9,1706092170382,15760,34541
2adb7aab-8cd0-4500-a8c7-18c92482ed80,1706092170487,15761,14003
8615c477-34b6-4fd8-8555-09c28edd76ef,1706092170582,15762,15484
7db3be91-9273-437e-9792-9c9d1dce0026,1706092170694,15763,4330
5eb41db3-878d-4d14-89c9-1f5b8d315857,1706092170783,15764,14346
0364ed8a-ec76-4484-a6f9-da3e68b055c4,1706092170910,15765,46075
778cf968-8dc9-4146-89aa-5b88b3b5d5e4,1706092171002,15766,61336
925652cc-2a03-45a2-97af-1358b3c2b447,1706092171102,15767,61252
2e9ab6ba-5d09-4ad7-bb9f-25ae0b41b4d4,1706092171203,15768,21739
cd512948-71ac-4a03-93e5-4201bf7a375f,1706092171315,15769,27177
e03a2634-c7ef-43e6-b9ed-5af958443153,1706092171422,15770,42800
989738f7-cd1d-4d4c-a41c-0a94689892b0,1706092171522,15771,16203
6972d036-b67a-4da4-a754-2527e681db91,1706092171623,15772,6983
8c5fc23e-5613-4f75-a009-90ff4f2f3d7b,1706092171738,15773,27988
7531f85f-cb26-4b75-a081-915b23d8234b,1706092171835,15774,33318
cafbb881-6a53-4297-9211-5ce58f3bb551,1706092171950,15775,18258
213d8e36-556d-478f-a637-6aefa56f89ad,1706092172042,15776,6548
7dc6e094-ea72-43e4-8ce5-0e956a309d47,1706092172142,15777,42908
803c3c5e-8d17-4ad3-94eb-ae4efb91462e,1706092172266,15778,62206
0c4cd405-1084-4a4a-908c-9d1f89fb86d5,1706092172354,15779,59318
3a807222-b399-488b-93f2-10086eff204a,1706092172462,15780,596
79b7a193-00bd-40ae-8e9f-9395f0b1babf,1706092172555,15781,19467
3d901f1a-2bbd-4f2e-889b-093c51a59a8f,1706092172674,15782,21033
21a63147-e25a-4583-b5db-c0af35e4d6dc,1706092172775,15783,25943
c29e1249-136f-4a42-beff-c011a044081a,1706092172874,15784,17739
b3fa4e02-6f2f-483b-ae32-ec3f3305f812,1706092172990,15785,409
f73f7600-2e28-44bf-be20-05c78d2eee0b,1706092173082,15786,54128
e92ad585-0e53-4d87-8ddf-02cf41fdeecd,1706092173194,15787,63143
ed08270f-bb26-4056-98c4-eb1ebdf511c0,1706092173295,15788,20457
60669082-cb8f-4336-a2a6-cad81cc403ff,1706092173394,15789,19067
62f7a157-b3e1-4de3-8578-27b70842b27a,1706092173503,15790,58247
9b4eecf5-72a8-4f54-89a4-9475b78780c5,1706092173602,15791,52233
af84001c-17d4-4f88-9971-e8a582e868aa,1706092173714,15792,25722
3b8c6873-4ff5-4fee-b4e5-835708666052,1706092173814,15793,24821
02e54819-1630-4047-8381-8a4ff9c19015,1706092173930,15794,31049
0c6aeaec-ad01-4b5b-b872-6239cc8c515d,1706092174031,15795,34078
3558af71-03bd-4c3a-9709-13d935948e94,1706092174130,15796,55167
889ca7c3-22de-4e1e-828e-45bb00ae38b9,1706092174234,15797,33355
d6cec725-20d4-474c-a074-6d9c5da73f37,1706092174343,15798,41095
63a168bc-0af1-4b76-a2ad-6681ad489529,1706092174450,15799,60047
5d4c8026-1033-4392-9f88-882698b8c1f8,1706092174542,15800,18424
7e83b42b-a142-465c-95a8-eabd86f50677,1706092174647,15801,60652
c32fed53-3c14-4cbb-a80f-6704381efc68,1706092174754,15802,60516
d0b773a8-8531-475d-9aff-4788e0ce1c73,1706092174854,15803,20967
6609cf4b-2628-4640-8797-e03b18924f34,1706092174971,15804,25207
d17fcc8c-0580-4648-aa48-b0edc44d1b37,1706092175062,15805,2543
3ebcbd34-dfb8-4eb4-965c-04b467e1af47,1706092175174,15806,44372
3158ddfb-b8f5-4f4c-a0ca-bcb11f74ba18,1706092175274,15807,6565
be80a154-9ddf-4676-9387-6836459a6229,1706092175375,15808,3729
a229dce0-3b4d-48b6-8f87-29f2ae324eb3,1706092175482,15809,33817
e5f65bda-9f85-4dc7-b305-5ba1cdfab3cd,1706092175590,15810,20297
2205b74f-23b4-4328-a8e3-3da43d35df01,1706092175694,15811,10763
6ef93e1a-3290-4894-b6bf-8fa43d73ae69,1706092175794,15812,7127
e9139b66-7a44-446d-bd49-7700eec53879,1706092175894,15813,8519
94d89000-b602-4cb8-9f01-cf3407d13aff,1706092176027,15814,61281
f303da15-8064-4385-ae9e-1d5e033c16b8,1706092176102,15815,58708
fb73ffdd-ed44-4b62-bc5e-44ccfc3652d7,1706092176322,15816,8999
4f91865e-8903-4ab4-84b4-255b1c9e3dbd,1706092176422,15817,56150
b5a41d4f-6de9-461f-82e2-a487b0fee325,1706092176542,15818,28702
177b63fd-a15e-4167-990e-4d267c0df04c,1706092176634,15819,9198
c9fcd713-cf3a-4522-9ee8-0e7d9bdad982,1706092176734,15820,43261
df84e519-9f88-4e3f-a24b-abdf00dd0cb9,1706092176842,15821,44554
00c3171f-3004-440d-9169-095818d2ccc4,1706092176942,15822,36158
7cce0a3f-5727-4295-9ebd-432be7a05326,1706092177054,15823,22089
5bcc33c9-ea39-480d-8d93-1fefbcd8c5b3,1706092177154,15824,47142
181f5faa-fb8e-46d9-8389-2270f22ab832,1706092177254,15825,14396
5da427de-7cc8-4b85-826c-57e9d9b4c0cd,1706092177370,15826,63684
8fddaf55-ccb6-444e-8e64-12d5700b7e8e,1706092177470,15827,34112
42ed3dce-36c1-4aee-81c6-25e815d65d5e,1706092177582,15828,32200
61afc8e3-4d46-41b1-917f-a12f9cfbc619,1706092177682,15829,51703
886bb680-a4f6-4541-85c6-ac807cb6ad8d,1706092177790,15830,30649
ca2ee1a4-f134-4bed-8e56-e829ec7ea610,1706092177894,15831,16963
7792247c-7f86-40c0-b678-659d16ac334f,1706092178002,15832,47407
e33bca0e-6f2f-46ac-ab2d-070e916dfcba,1706092178094,15833,27914
46cd8ae3-61fe-451b-b346-f29ed14abc65,1706092178194,15834,39724
961520bb-4dd2-492e-821d-b997e4abf31a,1706092178310,15835,49921
9068f3cc-a98b-4bf1-b6fc-8812d28ce00f,1706092178410,15836,35948
541cb33e-4b6f-451e-9f74-55156a72fee0,1706092178514,15837,61462
86e3c219-79f8-47e1-a992-f403a9d73c87,1706092178615,15838,50899
a1e0fadb-b9d5-4173-a6dd-ca619574aeb9,1706092178730,15839,28033
508a5a89-6ede-43d6-a2cf-b7f22370ec24,1706092178822,15840,25337
9189d250-39d1-436e-986b-709faddb75a0,1706092178922,15841,47696
224592c5-1a52-457a-bfbf-b0724bfb49ca,1706092179038,15842,23410
3bdab16a-e854-4f69-9d29-706318203aec,1706092179122,15844,48958
b397b7af-ad10-4c58-896c-9a4f88ec7ed6,1706092179234,15845,21994
9458f842-3593-4c30-9b66-8a8870c2ddd5,1706092179342,15846,43942
4b9c372d-e7bc-4f59-bb2f-1b6d924f0421,1706092179454,15847,13121
05586b08-7d30-446a-baa4-e2ce5b433864,1706092179558,15848,61433
779dd5b6-7f43-440b-ad64-cb6eb697d17d,1706092179662,15849,26201
00fde47f-894d-417e-a31c-98410d9a3e62,1706092179758,15850,22258
63959a0c-fedc-42bf-a31c-790d3345f75f,1706092179854,15851,54930
f450c7af-0a83-44df-9e04-f711ebe3d77b,1706092179976,15852,6726
93638e3b-80de-4330-a2b1-7c7f41540626,1706092180070,15853,21691
62f6e107-f50d-4f8e-8d2d-472664153f8c,1706092180182,15854,15584
5dec8762-4f4e-45b7-af39-dc129c708928,1706092180278,15855,39369
72602112-1e32-47e7-8479-724766bdde8d,1706092180374,15856,12642
3678aaab-f97d-40ab-a775-e22c997764ca,1706092180502,15857,9724
96b3d1c9-a3e0-4a8d-90b4-22ca45f6a90b,1706092180590,15858,35706
44b099da-5959-4709-9b47-c8a7ce301777,1706092180718,15859,41481
d43605e8-72af-4896-81c4-e77a7dcc736b,1706092180814,15860,8120
c6dda4aa-f25a-44ca-a27e-19a83497c012,1706092180910,15861,9608
e7007423-fafb-4b21-a51a-be1ca81b74ef,1706092181014,15862,62218
aa1fac67-d57d-4645-a3e1-7ad21c105dcd,1706092181118,15863,19602
af4e7171-8885-4088-b028-f9ed862614cc,1706092181222,15864,12112
922eba67-d476-408d-8c71-a66dd60582ca,1706092181319,15865,59386
ff61317d-2260-4497-af20-7f34f8e11c29,1706092181422,15866,48920
b57bbd8e-bea0-4bcc-b8b9-84d68c6dc0da,1706092181528,15867,9184
55e4cd0d-d416-404c-ab38-9688dba06bde,1706092181647,15868,5022
1c476020-b633-453d-967b-6931f86f93bd,1706092181742,15869,3583
caebcea8-a8db-4e94-8ff9-90d95599113e,1706092181838,15870,12589
695fc7dc-6a21-4636-8b14-9368a8e615d4,1706092181951,15871,21187
59e79890-3221-42e3-92a2-c2704ca7fb08,1706092182054,43661,57878
354638ab-97f3-4754-b879-b2489fb53cd9,1706092182158,43662,54728
99bba522-c37c-445c-8263-6a531277a03a,1706092182270,43663,53330
e3cdbcbb-bbad-47e0-ad24-02e4c250dc55,1706092182359,43664,59353
68b50856-2b16-4d7a-b979-ccf2f1151f98,1706092182470,43665,52814
5bd46388-d8eb-482e-becf-6046dd638e32,1706092182566,43667,9475
e4e75cf4-a781-455a-8fa4-8319fa03f716,1706092182678,43668,30446
ef2b4428-a510-467c-85c2-781bc083d431,1706092182783,43669,35252
200b04bf-1796-4629-9faa-2780ec51d966,1706092183030,43671,47192
15928a72-7cd1-4b19-a50a-f0b6b677f0ec,1706092183094,43672,44211
23dc69a5-ef7e-4508-9dcd-f2621f3576a7,1706092183215,43673,36310
38846537-6eb6-4b7d-b2e7-328200fd1ce4,1706092183302,43674,4003
eaeaac55-d356-4a6e-b5ef-c4087e0a54fa,1706092183422,43675,55367
60e07a8b-e578-42ed-ac02-c6f8b53cadef,1706092183518,43677,3871
4d48cf2d-9190-487e-82a8-61eb2d24b536,1706092183614,43678,4265
7121f291-9563-480f-920a-4ffdfdc84d08,1706092183735,43659,21095
V�V��&U�V�,1706092206064,68,67
W�V��&U�V�,1706092210101,68,67
X�V��&U�V�,1706092218175,68,67
