Message id, Time, Sender Port, Receiver Port, Success
b13bb3a1-d738-44b0-9d34-b381b9baf266, 1706092077082, 22295, 20107, S
77b305f3-4611-4e3d-8c3f-d25513c69198, 1706092077186, 21235, 55454, S
5b529889-8c97-4792-ba00-24fab1cef9d9, 1706092077289, 3426, 19960, S
00ead13b-ca53-429e-aa5d-6090b8ad0e03, 1706092077392, 59370, 29973, S
eab80e46-535d-49ec-9c07-ee1ee469519b, 1706092077495, 12511, 29111, S
5d782765-5e39-435b-a477-d602a0c6aed7, 1706092077598, 57849, 17381, S
11f970a5-c3e2-45c4-90ef-a73949ebba12, 1706092077702, 34097, 61453, S
f5b3fca1-0d29-40a3-bde9-0bc1ae9ed858, 1706092077806, 14639, 15559, S
9b653e48-bc47-4929-9f32-69ced37b6e9c, 1706092077910, 32563, 23561, S
b0029e2f-e22a-430e-80b6-3bfdc9b643f7, 1706092078013, 16122, 29774, S
617cd383-0dda-46f8-ad43-7cdebc79fbbd, 1706092078120, 125, 14566, F
a7a088c4-d107-4c95-9de4-8fb0250dfa06, 1706092078224, 11351, 2680, S
0f68cc69-b554-46cb-ae26-10ba37fbe43a, 1706092078328, 29813, 22922, S
f3d8af5e-206e-456e-8301-e73ce192cc6c, 1706092078432, 51943, 58948, S
746e2cfe-81e7-4eb1-84a2-3732a4502174, 1706092078535, 65421, 4315, S
24283cd2-a664-4a8a-b674-6e5f75269103, 1706092078638, 21982, 11967, S
b5c163e1-32bd-4f2e-bd62-2e5e40ff2d33, 1706092078742, 52359, 41137, S
ff5a22b6-9971-41db-a830-3238f5cb9f7f, 1706092078846, 36723, 57402, S
b1a5d50a-f977-4123-938c-66342461bec9, 1706092078949, 22754, 46442, S
56c0d0c1-e3b5-4ae9-85cb-47dbb6ecfa13, 1706092079053, 47066, 29127, S
d3857b73-45d2-48d1-8af6-4b7e6b935379, 1706092079156, 47944, 62713, S
00e04c4f-b44c-4847-a90e-8a9404f86d09, 1706092079259, 45022, 36512, S
bb59e93a-9592-4be7-ad77-29bf4233f7e2, 1706092079363, 7827, 25096, S
367c8ca8-bf23-4fea-98f9-132db4ee2f24, 1706092079467, 12058, 52455, S
a3fab6c3-fb01-4c50-b066-f4c9d0fe16f0, 1706092079571, 41873, 41977, S
7645d91f-b6e5-485f-8db6-90aede65c9e7, 1706092079674, 13911, 277, S
73421a12-1138-4d39-9123-2f53de583318, 1706092079778, 59145, 57291, S
1560d2e8-e5ad-4a20-96f7-2495c590681a, 1706092079882, 7941, 27499, S
659334b0-b277-4a56-abc4-ecb3da276a63, 1706092079985, 61841, 18368, S
111d1292-6179-4746-890f-cad3dc6858cb, 1706092080088, 18283, 55177, S
fbb6bbf8-6af4-4ff6-8994-9573153bc09d, 1706092080192, 39612, 16454, S
ccc7334e-38d3-4c18-a9a9-48c11c2159bc, 1706092080295, 1145, 32258, S
97c69c0d-f79b-4757-bb39-7653da04f4b6, 1706092080399, 48369, 1721, S
b87c3740-1e01-41ab-b9c9-23ca96da2c09, 1706092080503, 11994, 51556, S
aff0426e-93c3-41f5-a787-825c6245fb24, 1706092080606, 5139, 19880, S
d54f38e0-da0a-428b-bc0a-120614914e3f, 1706092080710, 24519, 40879, S
2916f298-df8c-4bd9-9c29-f8bd54020283, 1706092080814, 60446, 20406, S
f10f2175-744f-4faf-b280-b9527e602435, 1706092080918, 11310, 34578, S
80315ea4-e98d-4d5f-b638-f90bf113665b, 1706092081022, 34369, 3167, S
594c4e15-ce7d-4786-8418-1c841f07a6db, 1706092081125, 28334, 58906, S
4caf9a3a-be8f-4ffd-8c56-a18386568734, 1706092081229, 22128, 45297, S
c2f51042-33fb-4f50-847a-2a0c78926868, 1706092081333, 27568, 54421, S
d274565e-455d-4bf9-a245-3ad4ba6a4877, 1706092081437, 56442, 61725, S
c56fd705-03d5-40d1-91a2-86862c18394a, 1706092081540, 29007, 17335, S
79e03d1d-93d0-468c-8c5d-9b1f129f9492, 1706092081644, 29140, 65006, S
ebc5de45-0264-4367-ab9e-1dbed26d93e5, 1706092081748, 8754, 42925, S
485c8799-e7c3-40bd-a707-b3d678ccf767, 1706092081851, 27774, 1530, S
d1400349-414c-4376-8ae8-3850937d1f8e, 1706092081955, 42433, 27122, S
b5bb948d-e6ab-4b34-bba7-dfebb39747a4, 1706092082059, 29694, 58052, S
bff018f6-26e0-4f9a-80bd-ef63d041ee4f, 1706092082162, 6448, 50100, S
b18900b8-3d80-4b04-8da6-58b51529e6da, 1706092082266, 57027, 54316, S
c6afc5e7-7471-4c23-b67f-a34eec015bcc, 1706092082370, 19596, 15148, S
05ffc69c-4ab8-4a7b-b28d-512dbd625848, 1706092082474, 30068, 2352, S
b4798ead-083a-4f34-bbbc-69419a1f16b5, 1706092082577, 37652, 49867, S
cbb2029a-af20-4d3d-b9d5-d11d49141093, 1706092082681, 17854, 52403, S
998cfa1e-5a69-4d65-a1ca-1ad1197d76a5, 1706092082785, 43713, 38684, S
64cce33a-ffad-4976-8a4e-7f55c178b5f0, 1706092082889, 50268, 57097, S
e75c8458-b7aa-46f5-a294-00bdf4245793, 1706092082993, 50140, 29697, S
b820466f-ee2b-4ced-b25e-c9f7f24ac576, 1706092083097, 4627, 19762, S
64c236da-4f52-46ce-a595-6b6f0dc9ae49, 1706092083201, 64209, 63373, S
5ededf45-2ca3-49fb-9cdd-cda26deb5a02, 1706092083305, 64615, 9220, S
80748c2e-bac1-4823-89bf-03c94d9e88e9, 1706092083408, 53680, 49666, S
8025d8f6-0f46-41cc-8fe6-a297982c8a6f, 1706092083512, 50309, 25611, S
429f5b89-f4a8-4392-ad60-8ba362016df9, 1706092083616, 61850, 53570, S
046ffdb0-9ecf-4ec2-bd43-64db93b87644, 1706092083720, 40547, 4468, S
381fbff6-7ad2-41aa-afd9-f5357a50c840, 1706092083823, 1571, 25052, S
e0af1454-214f-4acb-a6f5-8941473e9759, 1706092083927, 44498, 1974, S
682b20fe-6ed1-44d8-93fe-cb12a020dc71, 1706092084031, 36452, 39131, S
50f38e23-fc4a-478a-acf1-b2a7f1b49b42, 1706092084134, 41486, 62662, S
c12649bd-7bde-4d5b-9a14-a32532dec82d, 1706092084238, 48132, 34895, S
2ad2ec6a-26b6-4646-b006-380e84d61560, 1706092084342, 38564, 8001, S
7d8d7dfc-db21-4531-b07f-02b421d9a3df, 1706092084445, 52038, 36508, S
7787e58b-17cd-4147-a3e7-6061117080fe, 1706092084549, 47459, 19414, S
d9bd1018-e7d1-46e8-b423-c6ad17d69861, 1706092084655, 13829, 30788, S
70c969a0-98b3-4029-a5ae-1e5def0f1265, 1706092084760, 48030, 29795, S
6851ae3e-8e7d-4dfd-8d72-58cba79f8bc9, 1706092084865, 47753, 43667, S
f6384e6c-f9a4-40f6-92fd-922944b484c6, 1706092084970, 43187, 571, S
aeae87d0-4b1b-40d8-80af-51bcff5faca5, 1706092085075, 23618, 43323, S
e5682735-bef9-4763-adbb-2a6e3a4e4770, 1706092085180, 43896, 37238, S
c7ebef63-e554-4875-8ba1-4cc2335b9369, 1706092085285, 41332, 28111, S
cfa0bcdc-ab3e-48e6-b4d1-aac6c4879762, 1706092085390, 15454, 37149, S
7827558d-0996-4e7f-ba85-93f85039b953, 1706092085495, 32775, 22294, S
bd6f3d84-f998-4bba-b9f0-713e37f9c785, 1706092085599, 63878, 21197, S
34962eb3-38b2-446f-a91a-d2eabbf947f6, 1706092085704, 43467, 60789, S
0de14cfd-ee3d-46cc-b121-59874315ac10, 1706092085809, 41671, 34302, S
5571a261-ac4a-40a3-82f4-749420d16785, 1706092085914, 10834, 35232, S
f9b535bf-98cf-49a9-83da-f03d74bdddac, 1706092086019, 34903, 40665, S
4dba2b0f-681f-4536-b730-9f6387671afd, 1706092086123, 47258, 3700, S
4f40455c-1ff2-4865-8278-8fedff4ced79, 1706092086229, 27013, 64643, S
35e447d1-e071-475a-9ede-6fdb1ae4018a, 1706092086334, 56512, 14261, S
977c6a19-22dc-439e-9abb-557f70ca5828, 1706092086440, 43369, 18035, S
3651ef53-2202-4f64-8ad3-4f87fa5eb455, 1706092086546, 12876, 59461, S
ac10f925-7d87-4352-9548-924a81aea914, 1706092086651, 65314, 31550, S
c533be4e-49e6-4d96-bf12-30a8d940e297, 1706092086756, 3068, 27007, S
c23c90ed-fcb8-49ea-917a-a294c6acf521, 1706092086861, 35257, 52015, S
f50f2348-4618-4220-9416-835a6a9f92da, 1706092086966, 12524, 53870, S
e5aee8f8-1e93-47d4-b654-a0713af9e9ce, 1706092087070, 26403, 914, S
4e0e69d2-0a4b-4013-8e59-a89ba7c159aa, 1706092087174, 50849, 33191, S
1206abc3-53e6-40ba-b6ca-808743a0ac51, 1706092087279, 58053, 12005, S
64e3838b-db46-445f-98d9-3af1dd6fd8a6, 1706092087383, 16021, 23903, S
a869ff74-a51b-4c58-b065-14ae536b73dd, 1706092087488, 17929, 23984, S
0c4048e4-79ec-4d2e-aa6d-decd624e5796, 1706092087593, 14225, 47556, S
e479d35b-e542-4b4b-b0bd-2d3e003c6e1d, 1706092087698, 50472, 12780, S
a019f023-e2b9-4957-a50d-6af897ba57e4, 1706092087803, 10436, 34264, S
5f2ec6b0-c2a8-47ce-9aaa-d8d9e92b4391, 1706092087908, 54198, 55410, S
98b1c95a-0681-490a-94d5-4ce7b00b53d9, 1706092088013, 1964, 18993, S
0848392e-edc4-4d89-883f-9e9080536729, 1706092088118, 64573, 58356, S
6fd633ca-5ad5-4bf9-bb08-34e6e1db28c7, 1706092088223, 63905, 16165, S
17610741-3d53-438a-9c38-ac95b53035b9, 1706092088328, 32986, 10731, S
b9da939f-9d87-427a-8f50-150782a52b77, 1706092088434, 55746, 26067, S
ca484750-2d0f-4280-8b2a-04f6721c36e3, 1706092088538, 46217, 54668, S
55755232-bc4f-4177-9bb7-efc813d5247c, 1706092088644, 23813, 34675, S
defa4f41-6c9e-41c6-b16d-004cbf58b216, 1706092088747, 46386, 44053, S
dd37579c-87ac-4405-91a4-e74a337e7776, 1706092088853, 17709, 14506, S
de2a34fa-d7e1-43c7-bceb-06816f5bf7b5, 1706092088957, 41411, 26306, S
7aaadfbe-be20-424e-8771-e4d1f086f838, 1706092089062, 7909, 21385, S
53e5d897-3701-42ea-86dc-8abda2ec5eb1, 1706092089166, 43227, 46257, S
c9a53f3d-8c62-4933-8f72-d0b18c9be280, 1706092089272, 36247, 58430, S
454bdd3f-c199-47db-b82b-a75ed071bc84, 1706092089377, 62218, 41296, S
6626066a-2fa9-4b4f-baba-ee8e29ee0887, 1706092089482, 48347, 46264, S
dbacbfbf-f5f4-4a01-ab5c-9b7863028dcc, 1706092089593, 30, 55077, F
9f22b03d-7d9d-4391-a3f0-d26fd051c859, 1706092089698, 22085, 48007, S
3a76358d-358b-4a91-806e-65df33110071, 1706092089803, 36214, 47111, S
13a7a370-5724-4d18-8e48-fc7c7fd900e1, 1706092089908, 65079, 7253, S
2eabac6b-1490-4ca9-905c-7a25dd0589ee, 1706092090013, 16932, 31202, S
89f5c668-5717-4155-bea1-6ed1b869204f, 1706092090118, 50395, 32783, S
6cf0004a-d8b7-427a-8584-a4e8acf76095, 1706092090223, 49218, 6767, S
1f401b79-10b9-4999-abde-fac57696ee1d, 1706092090328, 47570, 4100, S
0257f0c9-c247-403d-9a63-42a7ae1fc6fc, 1706092090433, 18058, 10294, S
9b9c399d-f71f-4c33-a35e-98e65ba270ed, 1706092090539, 28784, 35759, S
a5bae1af-2e0e-4778-8a12-476a5b086109, 1706092090645, 13693, 5680, S
d2de6c35-c290-42bb-ae8c-f37953dc3364, 1706092090750, 36747, 6451, S
2df1c70b-4df8-4bde-acfa-dc65caa124f8, 1706092090862, 269, 38523, F
7fdd6c32-c695-463d-af0f-2ce83a1687ff, 1706092090967, 12616, 33126, S
322e7f53-c991-477c-ab67-56c67fa14dc2, 1706092091072, 14549, 2002, S
1ce3db5d-7e10-4a1b-9a37-ed426dc55118, 1706092091177, 33778, 18273, S
3a6936e3-8732-409a-987c-061e5e8fc17e, 1706092091282, 15763, 679, S
ee1c68ac-59fc-4758-8277-278759365861, 1706092091388, 9081, 5355, S
87647681-83b8-4d7a-a24e-02869d5df92e, 1706092091493, 18353, 2798, S
274155c9-3a2d-4b47-a84f-4a14f5c6e1e2, 1706092091597, 52098, 10588, S
4fba90f1-36c0-4ac2-8cc1-ce52c3dfe5e1, 1706092091702, 32783, 4919, S
517f443f-6372-4a5b-80a4-3e7afe8e6471, 1706092091807, 5201, 54374, S
dadddb8b-e3eb-4662-9c9d-378826957ab1, 1706092091912, 47794, 36756, S
9c1ca1cb-6f6d-4baf-867d-601a7b058254, 1706092092017, 10557, 56783, S
3cdd1add-f3b5-44aa-bba2-c7644dde3671, 1706092092122, 57350, 31415, S
cb1fede2-fd3f-4e02-9e50-9c97cf0f6f74, 1706092092227, 55726, 23540, S
580ff0cd-8c17-4bdd-8158-92de7008f720, 1706092092332, 2459, 359, S
5bb52f02-2441-496e-b2d0-e3c65b8ff8f7, 1706092092446, 692, 25856, F
9669f28e-a231-426d-a646-08839cf38d58, 1706092092551, 48461, 38245, S
4e6a0ba7-93fa-4365-a02a-a5eeef6da5b6, 1706092092656, 40176, 18166, S
2f56261e-eca3-4d85-a225-71f2bc428e68, 1706092092760, 32282, 52600, S
5579a8de-fcc2-4107-8985-8a5cc22d07ef, 1706092092866, 58849, 53474, S
ea8229f2-a044-44d4-a004-17895fc3e766, 1706092092970, 7626, 7731, S
4d01a571-fde1-46e5-9237-017d6136d298, 1706092093076, 63815, 4474, S
bdcfc736-55eb-40be-afc9-210594a677bb, 1706092093181, 10745, 34475, S
ea55b904-ade2-4537-8bc7-9b1b9ed8cb25, 1706092093286, 48328, 11681, S
7085be79-235c-4964-81fa-b1cf0a308542, 1706092093391, 6893, 60028, S
51319608-bacf-443c-8ee3-e09b59206f1f, 1706092093495, 16512, 25215, S
7a9d34e5-28c2-43cc-836f-6e4571d48cb8, 1706092093600, 35836, 39537, S
99d86a2e-9c02-4433-b8d9-6a2a66c089c7, 1706092093705, 65323, 17134, S
a60f5a84-288e-4fe4-a454-06548420492b, 1706092093809, 50487, 22639, S
0de91cb8-227d-4b35-a545-cea57d60c786, 1706092093915, 37305, 2663, S
b19be758-342b-471d-812b-d0ce1c1ad007, 1706092094019, 11069, 24028, S
130389e0-f6d7-4897-9d85-c0d99ed05a23, 1706092094124, 6657, 39378, S
253f4923-b3e9-4dfb-b0f6-3b14837d7d39, 1706092094228, 16937, 4946, S
fccfad94-1705-43fe-a978-0dc0b0d04beb, 1706092094333, 51959, 53491, S
6b999782-2841-4442-a0e9-96bab49135ec, 1706092094438, 9141, 6588, S
ba599b98-2088-4364-a18f-6abd2b926850, 1706092094543, 23946, 32261, S
51cefbf5-81d4-430e-9243-e3e6a1ed3d19, 1706092094648, 11515, 49039, S
64be7aae-e6bd-4890-9765-26ff3b3bff73, 1706092094753, 24215, 28065, S
ad754a5b-a2a3-44f5-abbb-4394baef309a, 1706092094858, 3851, 60544, S
49b71bb3-0236-4c70-a0bd-4bbb777a113c, 1706092094962, 28668, 32418, S
7583d7f3-e098-425c-9770-d091d60c1bfb, 1706092095067, 19414, 10182, S
616549aa-9083-4e79-aea9-af61bf7af8e9, 1706092095180, 853, 35135, F
c442b7fe-50c6-40e7-bfca-876b667f615e, 1706092095284, 49625, 27408, S
90ff0265-b69b-4f48-8144-0642a256f5f5, 1706092095389, 40975, 44819, S
1d12c966-3754-4998-987b-5aa34c7d2574, 1706092095494, 36579, 49773, S
2b02c6c2-e881-4733-a854-5469ec4568c9, 1706092095598, 29150, 12971, S
480406d3-da64-41e5-9b84-76b6b5eb1ff0, 1706092095703, 41020, 24589, S
ee07a81d-e097-4f81-8e64-a3e896dee066, 1706092095808, 62245, 60957, S
5edbf9f1-1f5b-4127-b4b2-4ec8b2469312, 1706092095913, 64895, 64326, S
f23bcaa6-617c-4d98-8a1a-8a6b963d3da0, 1706092096024, 626, 52225, F
30551453-94e2-4604-ad45-0e72550ebd27, 1706092096129, 27130, 20092, S
8e48d46a-b4a3-4e39-a6fa-2b9363a4ec82, 1706092096233, 25372, 45830, S
57991b78-6f8f-4d88-8d7e-48ca35c4f643, 1706092096337, 36252, 6605, S
b77dff73-e446-4c00-b5cb-ee9f54fc475f, 1706092096442, 39956, 30380, S
c726756d-8eec-455f-bd4a-8fbd4188127b, 1706092096547, 32374, 31243, S
0c5afd11-3e4c-4ae2-b93c-2d4f0c2fbf6b, 1706092096652, 55043, 18033, S
05c51c57-fef5-4f99-ba6b-7f8404f017db, 1706092096757, 21737, 48338, S
9bd90ba5-690d-481a-8612-8672e9cab5ad, 1706092096861, 22259, 3087, S
d457afc6-c141-42ef-81e2-7007579955a4, 1706092096966, 14483, 33416, S
23fca5e7-c821-4213-90b2-6c51f7029a0d, 1706092097071, 4213, 64251, S
91b76cdb-01e4-4c42-a1f4-e21fa599d7b7, 1706092097176, 55084, 45415, S
2a65affd-8c79-46eb-a60d-9ff99994f7fd, 1706092097281, 55608, 15626, S
d8ca08ac-d178-4a66-b857-aadb4fcf40ee, 1706092097386, 3526, 50698, S
e374a908-e4e6-48ce-af6f-ea1bd19604e5, 1706092097491, 10871, 310, S
19090b17-88fe-41e7-8a90-5140178a2f53, 1706092097595, 4446, 56853, S
014c6dc4-1c22-48cb-94c3-569945236d8f, 1706092097700, 8400, 65260, S
6c6ac187-8e0e-4efe-b907-743e46ae3343, 1706092097805, 33506, 57419, S
ca6128d6-0423-4d3d-9a8c-c8ef1b0a1ba1, 1706092097910, 10188, 36985, S
ae9253cd-ef37-40a5-846b-a19565bd2d11, 1706092098015, 42997, 26911, S
91837901-c805-48b4-a06f-52c4801826e1, 1706092098119, 20220, 62027, S
6b2b0e8b-9866-42d2-abb4-83afe96db8c4, 1706092098224, 44731, 53810, S
8d5779cc-fa9c-4aac-98b5-a3f44009daa8, 1706092098329, 56119, 22217, S
74f422cc-01ad-4da6-830e-0862790c3096, 1706092098433, 42798, 16855, S
ab089139-f7e7-469f-8ac3-ad4a2cbedb44, 1706092098538, 46964, 53327, S
ded7651e-7540-42ca-9674-70d33782a2c0, 1706092098642, 23272, 35433, S
cbabc892-566f-49a1-8ede-5ee5165d9d57, 1706092098747, 45457, 41915, S
8b2f3a0e-a7bf-4e56-9e34-dbf7abe0facf, 1706092098852, 24672, 44864, S
553c6984-ef48-4508-ae58-19e39112c3b8, 1706092098957, 13895, 34601, S
8f3e3207-c992-430c-bf8a-4fd0178f64f5, 1706092099062, 2499, 12700, S
b4f2ed6e-3985-42eb-8112-dc9b60297fd8, 1706092099167, 19150, 54629, S
24767fc9-5d39-48a6-b092-8ccd5b0c6000, 1706092099272, 4003, 58849, S
bc35c13d-3870-4ce2-8eb0-ced6d42f1af8, 1706092099377, 44301, 52484, S
bade9741-2696-4f35-bc20-9a6081cec352, 1706092099481, 41925, 18145, S
0619a51c-7bc5-4fcb-ac8b-44b8adaf7e13, 1706092099588, 63871, 3536, S
88086efd-e83f-4bb0-b576-2bb68a1d67be, 1706092099693, 42229, 46990, S
bde6eaaa-b935-41cc-9e02-60a54ad21880, 1706092099798, 48313, 24712, S
6df0864b-23df-4bd5-8850-51f85c0c434c, 1706092099903, 43673, 637, S
52cadef4-def4-4cc6-8fc3-2f72074985d5, 1706092100007, 25940, 46730, S
4ead715c-0a59-47e5-8b2a-f6017f01b230, 1706092100112, 20184, 16355, S
bdf35c6e-c3cd-4b5d-b0aa-ca3a10c1be34, 1706092100216, 63223, 25234, S
43a231b6-838a-4928-9ac5-cfb354b92279, 1706092100321, 49507, 11425, S
743f832a-9dfc-4924-ac58-de7a9e819e96, 1706092100426, 15498, 37674, S
2733e7be-9ead-4caf-b9b2-5aeb80173a9b, 1706092100530, 33434, 33261, S
74dee39b-e9bd-4856-9553-82ed65150aad, 1706092100634, 61590, 24323, S
96e8f6c7-097d-44b5-948d-c4f483f58f84, 1706092100738, 39206, 1533, S
2bfbcb48-a167-48bb-9c2a-ddfbe025adfc, 1706092100843, 60359, 32921, S
8e0a613b-70f6-462e-abd0-e9f19e22f9cd, 1706092100948, 11197, 19854, S
08617c53-225d-4688-8fbe-0297139b40bc, 1706092101053, 10714, 49636, S
7c18dcc3-21d7-4508-ba11-f7136a630393, 1706092101157, 60736, 21454, S
e6d60b98-1dce-4859-9541-4ddcfe06a2df, 1706092101262, 50634, 2227, S
05bb25fd-3925-4b3e-98e2-c9dfa69884ae, 1706092101366, 5822, 2619, S
d90e7226-1e7e-40d9-868a-d37b97a6ece4, 1706092101471, 20555, 29164, S
71459986-ee58-45bf-8dea-28ba5f2ab056, 1706092101576, 62195, 27474, S
287557e1-da4f-4422-960b-eae09fdbc16f, 1706092101680, 52463, 35289, S
39e41900-0906-4bf4-9d30-51d45fd548ed, 1706092101785, 34115, 43947, S
ad679698-bf22-43b4-a863-f57743ffe221, 1706092101890, 50729, 54756, S
b26d9fa7-8932-40cc-8268-258e6bf0707b, 1706092101995, 7799, 1179, S
05699503-93b1-4bfa-a2a6-7762ab6c217b, 1706092102100, 7150, 27239, S
b6529b63-3eae-4406-b786-67aecac1bf94, 1706092102205, 14153, 4602, S
fe4a376f-70e4-4d1b-9b2a-d528f7ea0c60, 1706092102310, 28015, 7491, S
df9fb275-51a2-4c31-91f6-3bccee3aa053, 1706092102414, 63807, 15425, S
7b6a30c3-803a-4af4-8cf4-bb4f7974c2e4, 1706092102519, 62216, 32028, S
8bb3234f-f3d5-4010-8758-60961bd7c414, 1706092102623, 16765, 17797, S
9af92cba-c251-4973-b5fe-ca48425f473d, 1706092102727, 18841, 53026, S
bbecd2b7-b21b-4849-917a-4d4a21192f36, 1706092102833, 29677, 3454, S
d25084eb-4ce7-488b-8777-d771137a07d9, 1706092102937, 28305, 49571, S
f6635aaa-856c-4bf4-95ec-f88b222a2a44, 1706092103042, 14064, 64883, S
0e929fdf-8fea-44a4-9d5f-7fe457cf8385, 1706092103146, 8671, 29847, S
a82c752d-07e8-472a-9389-58a3dead4338, 1706092103251, 28771, 56761, S
1b34b747-f560-4489-a200-e710824b688e, 1706092103355, 3445, 59085, S
9133baad-b4a4-45f5-9243-75f5a5465f25, 1706092103460, 26735, 46312, S
3290492c-571a-412e-aa36-ecb4cbe89283, 1706092103564, 7955, 33614, S
8421f0d5-18e9-41df-94a3-644db5a71b2c, 1706092103669, 61623, 35039, S
4b63653b-664e-4fcf-b1e2-d5d55e948074, 1706092103774, 52657, 62917, S
d8a47ff8-1182-4620-b235-b5b7a9cde72f, 1706092103878, 16246, 45106, S
c0c0a22f-e3f7-4bfd-8693-d188819f04a0, 1706092103983, 10925, 44597, S
e4b55246-0355-4396-b4ec-a11110ac6c56, 1706092104088, 29320, 36815, S
a20ce165-f321-420e-81cc-507c9d079054, 1706092104192, 21488, 23630, S
735c554c-f22f-46c4-aea7-5064e4fd93e1, 1706092104297, 48871, 28456, S
14c58094-3f36-438d-9859-d6dc83b59d86, 1706092104402, 50070, 1400, S
a4c56312-dcb2-458d-8fdb-4dbb56d00d7d, 1706092104507, 57068, 37895, S
4963bc8d-c0e1-429c-80e4-17ef394bcf15, 1706092104613, 39048, 65230, S
b3585400-178f-4723-8582-898551ca81ca, 1706092104718, 17003, 36130, S
bb15f893-f1be-4bf9-976a-b98fb7ca61c1, 1706092104822, 57490, 19662, S
fdf15564-aca8-42ae-ba9b-83b3b4e18ef3, 1706092104927, 9010, 18669, S
7a9496d2-491c-44e9-beea-afce2d55b6c7, 1706092105039, 809, 11743, F
0bc049cc-20c9-403f-8d9e-938af2147a36, 1706092105143, 10750, 12123, S
954cfc28-eb0d-4be5-b02c-312572772071, 1706092105248, 46116, 65137, S
bf7c9dee-38b7-4ecb-9c74-f89b44dfccc5, 1706092105353, 53457, 32934, S
daed0879-cd96-4cca-abce-32667dcef813, 1706092105457, 43219, 43606, S
3dbbc8ec-a7e0-4fbd-ac94-ad388738b341, 1706092105562, 48154, 34297, S
47ce4a4a-ee08-4349-bba2-b4cfc0bf9ede, 1706092105667, 24275, 7046, S
e4fdcc31-79f7-4ed3-bb8d-4f4c909b989e, 1706092105772, 62643, 44858, S
c6961c44-98cf-46ed-90c4-f3d5b1e34974, 1706092105877, 9670, 24894, S
f159a567-098f-4061-aaec-32d7d3f0e145, 1706092105981, 35198, 27156, S
804c9560-01fe-460c-8617-930c3b699b0c, 1706092106086, 33276, 40982, S
9709c0b2-e605-4621-87bb-fadee2af6c90, 1706092106191, 29088, 9234, S
f42144fe-0d15-46ee-ad38-4ea332068dce, 1706092106296, 22210, 44814, S
a30e5898-6956-4f8c-a3a9-e4853ffd3e77, 1706092106400, 44274, 57783, S
9d66e387-7d17-4fe4-8c86-231347e506c1, 1706092106505, 57538, 48247, S
02383a32-7e39-46ae-8982-0fb262c08841, 1706092106610, 37397, 44596, S
725ba7bb-bd0d-4cf8-a5cf-0457a57b5f3c, 1706092106715, 25468, 35163, S
640a5388-db0d-45a4-9c23-35e6ca08a7e1, 1706092106819, 18967, 54114, S
cc320833-bc1a-4f77-8eef-3d5c6e6689c7, 1706092106924, 33125, 49748, S
f6fcbef0-6faf-40ba-b3f1-6d920ba1391c, 1706092107029, 30929, 8488, S
ec44b599-75e0-439f-97bf-303e8d28ac81, 1706092107133, 46732, 45487, S
f8651c9f-a203-48d6-bb47-db3b03ed79e4, 1706092107238, 59062, 27536, S
236f2267-9115-4cf3-9338-89c7d793cbdd, 1706092107342, 57983, 3186, S
b8f12dda-8890-4178-b51f-f55c06e41bc0, 1706092107447, 63496, 21750, S
b03a528d-fe67-49f4-be9d-35324603c786, 1706092107552, 12552, 60708, S
5fe63806-9660-4b81-bef4-d0748a8c09ba, 1706092107656, 35721, 25301, S
fde064a1-38df-4c4f-afba-7e34f3088c96, 1706092107762, 63062, 32464, S
6066a99b-34bc-4022-b740-d746dda819c0, 1706092107867, 38521, 2559, S
78c36f48-3abe-45d0-9f80-2812761ffdf3, 1706092107972, 64882, 59812, S
581deafa-3f53-487f-8808-3b14e8c570d3, 1706092108077, 29479, 37107, S
56e065c0-f196-4696-8402-97868542b403, 1706092108181, 55400, 33855, S
1567f1f9-d36b-46b5-9c79-56d81578c605, 1706092108286, 39637, 2031, S
50fe1733-312e-4da6-811f-cffb4b8eab54, 1706092108398, 797, 48390, F
a6b676c1-e7fa-4ec2-bd13-8941d63c6dd0, 1706092108503, 41721, 44654, S
119d97f3-ce93-446a-a5fc-ce9863b5e317, 1706092108607, 8729, 17379, S
63f680fa-4bbb-42b9-af37-0f6bbbe4aeab, 1706092108712, 10279, 23993, S
933cf469-e268-4889-85cb-8f7b81d2eb77, 1706092108816, 48183, 64722, S
b60710f4-1c22-4dc7-acaf-86dc7e9f83f5, 1706092108920, 63059, 2427, S
b954ba5a-17cf-4f38-96c5-a8611562405a, 1706092109025, 7561, 47704, S
4f8e0433-5264-4e3b-9368-ef44a69ad166, 1706092109129, 64616, 11698, S
bd3b3cb1-caf3-420c-97b3-27f265e9958e, 1706092109236, 7199, 36163, S
f1eb246b-359c-414d-b732-f2a677fb9e7a, 1706092109341, 42845, 7561, S
8c19111b-7858-4d28-9363-e2a4bba47de7, 1706092109446, 19897, 54303, S
464af158-3cb7-47c8-ae20-ca739c4c5dca, 1706092109550, 28786, 43553, S
67925462-c3ea-4522-8111-b026ba4a7ace, 1706092109654, 18253, 9928, S
c3f99b0b-7032-4e4e-abed-7ae3d63d8f39, 1706092109757, 38623, 24436, S
fd2e07ca-64a2-41c8-bf31-d1d29dea3365, 1706092109862, 25867, 10566, S
8c6a2e80-6462-48f1-8cec-e53e6a152052, 1706092109966, 38654, 30239, S
2397b3ab-bbf4-40a8-8cdb-4388e06db72e, 1706092110071, 42508, 31919, S
3fa3186e-ad01-410d-932e-945743b8f7b8, 1706092110176, 11411, 34756, S
5aa8e4b4-3ff0-4315-aa6f-3f09dbd51270, 1706092110280, 37145, 63392, S
7a4f8591-6d95-4956-bdbd-8c2a17746e3b, 1706092110385, 2946, 57665, S
def6783e-03d7-47ba-a12a-f61ce0e80e26, 1706092110489, 42429, 18164, S
7e5d76e0-c632-4ace-b1cf-91c80ac5b53a, 1706092110594, 42414, 32971, S
ae231b43-5117-4989-b83a-c6a03b884ac1, 1706092110698, 21723, 9279, S
0330612e-2792-44f5-a90a-30abcef91b92, 1706092110803, 57170, 63665, S
a83babc8-b5de-4de2-af77-c3d32b500a72, 1706092110907, 25886, 58296, S
783d3128-b4cd-4aee-a5e3-850e19a2061f, 1706092111012, 5277, 30177, S
cd9d62c3-e079-4322-aa27-a66140c1dae6, 1706092111117, 48400, 44660, S
8fe6c728-d3d9-42f8-aa03-39b8b52c6036, 1706092111222, 49892, 53212, S
3b8b9eb8-0ee7-4431-b850-4da01b4629fd, 1706092111327, 17803, 54545, S
17728409-914b-4562-a0ab-0621314b7cf9, 1706092111431, 22487, 53699, S
8f12b702-329a-41aa-86df-0387142f5c49, 1706092111536, 41720, 56385, S
15117f46-bc9e-4d08-9acd-05385db6e57f, 1706092111641, 43944, 33867, S
84201af8-bda8-4769-9f54-6351c2b00fc8, 1706092111746, 28092, 4804, S
21e0fa5b-d9da-49a1-8d05-02c176e12c24, 1706092111850, 43226, 6838, S
a181da00-a550-498a-8edc-afe11cf335ef, 1706092111955, 27010, 54296, S
21ae46f6-a9d1-4c6a-beed-2cf10f215f18, 1706092112060, 65139, 48606, S
b0376441-360a-4afd-95a3-b1a2a04076f7, 1706092112164, 13486, 50984, S
afae86f4-c289-46cd-9942-dacc3b7d7542, 1706092112269, 5232, 29712, S
529d6a73-5c97-4ac5-a3cf-a0b4e96f21b7, 1706092112374, 45110, 13010, S
6ecfd1f2-3a93-4500-865e-4ecbb6a97308, 1706092112479, 45460, 4034, S
336dea61-864d-4fd0-baf2-fdf4415628f3, 1706092112583, 3510, 62912, S
fa4ef8eb-5919-4ff6-9c51-a10353aa7ff2, 1706092112688, 52276, 41350, S
052b82c1-c4cf-4baf-b6b7-72a897d683de, 1706092112792, 65434, 33800, S
d0e6153f-9d6c-46ca-b9b5-050b9966e48f, 1706092112897, 11532, 13217, S
eede1c23-53ba-4f2b-9c52-113ba116c086, 1706092113002, 61094, 12894, S
f1465957-4cb4-486e-8f53-acec5c49bad2, 1706092113106, 59675, 60356, S
19c271e2-8762-44b6-a91d-92fac79cbbbf, 1706092113210, 15168, 17500, S
b4012a2d-c174-4f01-affc-9548c2b81695, 1706092113315, 6335, 57322, S
c471a9ee-50fc-4c31-8a6d-a554521cb8a2, 1706092113420, 13684, 2158, S
e2044a44-ef2a-4bc9-bdfc-a6f2ce57211b, 1706092113525, 2389, 13602, S
8d5afbe3-824f-40b4-9a8b-1f73fa13fb37, 1706092113627, 42726, 62296, S
85158685-4b80-45bc-899f-db94eba731eb, 1706092113730, 40037, 4956, S
deb80482-ba68-46ca-abd4-b763a85b7de9, 1706092113835, 33784, 45310, S
1be17cba-8816-48d3-8178-e6f7c41c70cc, 1706092113940, 23365, 45727, S
958cd8b6-2763-43e4-9c1b-7e873dcf8bc0, 1706092114045, 50836, 35995, S
ac8ad7ed-9b6e-4243-bdda-c8044efe657c, 1706092114150, 44340, 24184, S
9fb230a3-424a-4fc1-8244-3b2eaf2ca3cd, 1706092114254, 41227, 10307, S
b5c0531c-e938-4a31-a752-cb03aefdc10e, 1706092114359, 19383, 42182, S
bdd1953d-7b98-49a1-9514-01e29e2f2877, 1706092114464, 54095, 5923, S
0100ed4f-bd6c-46ec-9b45-2f932ce8cbaa, 1706092114569, 52947, 26407, S
edb102ca-2d22-47e1-9a86-3ef5fc395646, 1706092114674, 19375, 62495, S
25e672e2-c5a9-4748-a881-ad1f3c82ef72, 1706092114778, 6417, 2860, S
6d3fa824-a038-4a12-a081-30b5acfe212f, 1706092114883, 3125, 12493, S
f3868e4e-82d0-4cc1-b703-3fd214ae7cca, 1706092114987, 22606, 2716, S
6628f9ce-6a0f-43e6-be58-0cc2b283c28b, 1706092115092, 9664, 48889, S
edd87ffe-6df6-4008-9194-26b48544be66, 1706092115196, 34978, 32581, S
d234cba3-540e-41b8-bc95-c92a90c9e316, 1706092115301, 36164, 31039, S
e404e548-f023-4641-9daf-58ef4e20d082, 1706092115406, 27587, 30470, S
579be649-99a1-441a-bdbb-17230e41f056, 1706092115511, 4114, 26706, S
cf80e7a7-d41d-4013-9fb3-1249cfbf847b, 1706092115616, 37417, 40812, S
6790bf4c-7fd6-463f-be34-3d3ce31979cc, 1706092115721, 18788, 28905, S
4428fb28-8e25-4961-92fc-5005869be57c, 1706092115826, 30380, 43097, S
91e1f3e9-530e-485d-aa25-086ab3bb4c71, 1706092115930, 20606, 1016, S
c3400ccc-dff3-4abf-9165-ac798f15bb2b, 1706092116035, 15753, 34243, S
35c8d9b6-e186-4412-8653-55d1c2e92a15, 1706092116139, 27490, 188, S
3ff1f939-a146-4770-847a-fde3585ed9c4, 1706092116244, 41136, 51832, S
5912ff76-9e56-4aa2-baf4-5313b76d087c, 1706092116349, 64913, 44760, S
7539edd4-50f9-4454-8793-3bfb55eca8e2, 1706092116454, 51196, 17326, S
ad7a71af-97bc-4140-8d53-06afd3f093e4, 1706092116559, 59563, 51105, S
eadb33a9-83dc-4215-bfb3-6fced5f03f16, 1706092116663, 49954, 41312, S
e0a7a525-7a6b-4552-aec2-13563a4256eb, 1706092116767, 18354, 11572, S
759b75b7-d13e-461f-84d0-c9d4663a666a, 1706092116872, 41425, 51396, S
b3b25272-078c-4fa9-b956-537beb215e27, 1706092116977, 29591, 30710, S
8a2d2007-ab2b-431a-8460-c7581a790546, 1706092117081, 20423, 54446, S
4802f803-3d17-48d1-add6-504120e998ba, 1706092117186, 60938, 3950, S
9df75e90-449a-4c91-b249-6faa563c1dab, 1706092117291, 56306, 43688, S
c459762a-cc2f-4a86-bdcb-1e4ec5240a1d, 1706092117396, 49977, 32386, S
9fba0711-7031-4c73-8f52-f76b06420def, 1706092117501, 23719, 17344, S
d24e1a15-eabe-4fb6-bfc0-b859e856d34e, 1706092117605, 60250, 7474, S
22a7b496-33c2-4c96-bc7a-5e696de5e4a7, 1706092117710, 13569, 60638, S
0f1f1788-a22f-4e4e-9b41-d00c777ba4b4, 1706092117814, 18075, 16031, S
6bd67435-4ec3-4d25-8b03-ed70ac76973a, 1706092117918, 48504, 51106, S
c059ee8e-f8ef-4f6c-af03-90b2de7d0aea, 1706092118023, 50842, 55348, S
29627657-dcaa-4c56-af59-e4500dc921a5, 1706092118127, 30382, 51268, S
e0fd46a6-8a54-43b2-911e-6cfb1215ced4, 1706092118232, 19871, 54325, S
4602681a-c763-4fd5-81ea-1989be7b8436, 1706092118337, 6919, 32160, S
57155c91-5b7b-4054-b3b9-1f9cbe5831ed, 1706092118442, 36522, 36659, S
9ecedff7-ae2f-4bc8-94e7-4a2bbee7d8d7, 1706092118547, 19606, 668, S
03c9006e-112b-4ab4-8e2e-c8e6e917663d, 1706092118651, 38921, 32304, S
a1a6bac4-995e-49a5-94fc-ac5794cf256f, 1706092118756, 40988, 33965, S
60d8410f-cffc-4ea5-80e8-ee90ca870a5e, 1706092118862, 41726, 29936, S
52d9c2a6-123c-4b03-9262-15d65e610de6, 1706092118966, 38171, 52208, S
f409143a-ac15-49b8-b8ec-32e5d13577f0, 1706092119071, 13657, 43527, S
ccda15fe-cd86-4e2c-a109-45da25981ae9, 1706092119175, 34940, 11103, S
9a2a8d7e-5084-44c1-bc72-ba812f81f78f, 1706092119281, 29428, 41645, S
74c99721-e501-43da-8544-2f66d59918f6, 1706092119385, 58884, 63618, S
3ba3f3fc-3609-4973-bbe6-657df14f841e, 1706092119490, 53888, 16198, S
721c40a3-20c2-401f-aae3-562b0c6c8f87, 1706092119594, 18905, 830, S
fe5e748a-ac3a-4a89-908c-6bce6d80cbb4, 1706092119697, 18747, 19393, S
b4bd6aba-92c2-44a1-aebd-b63e393cb971, 1706092119800, 17084, 49431, S
dba1647d-97ac-4229-bc59-b951058a5b91, 1706092119904, 35412, 17512, S
dbe471aa-09b2-44c7-bb4d-4e0e87df7a5f, 1706092120009, 61921, 22846, S
df1914da-39c4-460d-9833-8a93bd25dd20, 1706092120114, 19600, 57191, S
906a2e73-0671-4c6b-b99e-bd8157a88f18, 1706092120217, 31340, 8304, S
a8a48feb-0a16-4b32-81c7-a4dfa0e24629, 1706092120322, 52085, 8466, S
9daa1f21-1bfe-485c-b54b-22d0aec98bfb, 1706092120426, 12905, 11993, S
c01cac13-38ba-437b-86b0-6cec38b098c9, 1706092120531, 49894, 37282, S
c4b4ad18-8d27-4daa-bc53-1eafc84baa59, 1706092120635, 41256, 2992, S
1c79f31a-900c-4111-8c53-cd9e4285f3bf, 1706092120740, 30361, 42117, S
c38cea1d-da25-4fa1-8a82-1bbb3d83419a, 1706092120844, 42038, 12399, S
c04afd08-a8c6-4822-b81b-19a217846bc6, 1706092120949, 17568, 25953, S
1ce861f4-c5a6-4c78-bd5d-66b84597e82f, 1706092121053, 11778, 22302, S
921308fc-e7fc-4581-a356-a5af1572463c, 1706092121158, 22975, 35381, S
3159b01b-7376-4fa5-94f5-cfb9c23bbdd3, 1706092121262, 64231, 63225, S
01dbb2fb-ba08-4f47-b45c-ce4e011048d3, 1706092121367, 56566, 23707, S
ef20f7e3-583e-4467-8c94-42c25f036a35, 1706092121470, 8496, 64216, S
464b2013-1c5d-4d7a-8f1e-2a9432413a95, 1706092121574, 39696, 93, S
fa1cf0ac-84a8-4702-b1b0-bbdcb0fafce1, 1706092121679, 3920, 17198, S
ca2f3983-ab3b-4487-9356-6a88ced0cf37, 1706092121784, 47280, 46300, S
54190978-ec2f-4b32-a066-4dbe06a56d22, 1706092121889, 50003, 27427, S
46e35139-d504-47ac-af13-150e62edc0fc, 1706092121993, 29896, 61163, S
40907cf6-bb0c-43fb-a281-5720239f9359, 1706092122098, 5900, 54218, S
75a1bf06-089d-4673-b26d-a9d318492337, 1706092122202, 46015, 10089, S
a12fa6db-768f-4e1c-94ae-dbe2b9413c90, 1706092122307, 29519, 58370, S
449ce64a-f3a5-4c2b-a7fc-cdbfc2eebe8f, 1706092122411, 49635, 6424, S
d262a823-f994-4e53-9fe8-3ad5ec07c5eb, 1706092122516, 39647, 38727, S
31e6a7e4-e099-4feb-aa43-f797542434c6, 1706092122620, 1617, 7694, S
7f7950db-d245-4ce2-9b7f-bfe56bed01fb, 1706092122725, 38099, 53290, S
ad89729f-0322-4a5d-a07d-335b86ade199, 1706092122829, 50390, 49052, S
eb25d8c1-f7ea-4117-8cd7-2253121b63ea, 1706092122934, 35058, 62361, S
9db25e1d-4fb2-4fdb-9715-e173b54f9aba, 1706092123038, 62102, 41824, S
a9b74cef-53c4-4dac-a626-ae5629419999, 1706092123142, 24321, 32977, S
9b696cc2-570f-48d3-9476-16c82d26b676, 1706092123247, 37354, 11029, S
c1ed446f-0a89-48f6-b874-7edb3f2cc61b, 1706092123350, 9335, 649, S
b9b139cb-e9c9-451e-ac5c-d5993e5629e7, 1706092123455, 59866, 17922, S
88d4cc3a-f9ad-4935-81d7-2495106909ad, 1706092123559, 62365, 62923, S
159ec85b-c49c-4db2-9535-79d027fa51f5, 1706092123663, 8355, 64858, S
41c59a01-f9ae-4be0-b0d0-805c140f622e, 1706092123768, 43531, 14340, S
e3228cc0-f43e-470b-904e-0eddb21aa909, 1706092123872, 23965, 52373, S
81f31450-d213-4621-b996-f1b4ffe29107, 1706092123977, 50695, 49370, S
66be124d-f333-409e-9258-3d01cda7e7ab, 1706092124081, 17332, 15777, S
2fdae477-6eda-4878-a8dd-ca7b71be611a, 1706092124187, 60071, 36945, S
4432710f-0627-4127-ad27-af7704249bb1, 1706092124293, 16010, 1523, S
0a3afbf6-1d08-466f-9dbc-97ce53e0e1e7, 1706092124398, 13798, 20075, S
a4743c6e-8a23-4673-8c9d-0ffecfef065b, 1706092124502, 5546, 45904, S
6a19c8b2-a1be-4e93-a54a-04ec1d71a3cc, 1706092124607, 43598, 39022, S
0ad275c0-8c65-4876-91f5-8ce6b6bea4ee, 1706092124711, 63105, 27935, S
265ddd5c-59d7-4a51-8023-9886f69effd6, 1706092124815, 4497, 5297, S
5dca9f8d-c774-4979-b3cd-28b9d60233dc, 1706092124919, 49120, 5264, S
7eaab792-cb3a-4268-a4fb-418307b7d464, 1706092125024, 46242, 736, S
9389f113-f50e-4000-996c-d0122ed11182, 1706092125129, 49771, 16743, S
82bd2ea4-d700-47bc-9b92-65f875ec7a3e, 1706092125233, 7690, 40483, S
e0fd793e-d9b4-4036-82ec-e6f507b9f08f, 1706092125345, 162, 9250, F
c7b5e0eb-3385-475e-9cb5-1b687cd7ea24, 1706092125450, 41053, 16913, S
d04bb87a-a12d-43d6-becd-583fff387dd0, 1706092125554, 60115, 18409, S
b52c623e-aef2-4cd3-9aa6-e4b23b9a7d82, 1706092125658, 47775, 12377, S
4fc785e6-e192-4235-8998-82b69ed3c6a4, 1706092125763, 58776, 518, S
73badd59-5fc1-4744-8d53-9151d5170a1f, 1706092125867, 46491, 42017, S
1c8a08f8-c2fb-40d2-96a8-14a59e8921e0, 1706092125972, 16282, 48847, S
17955a6b-4578-4170-b64a-8f8ad4143ebf, 1706092126076, 14305, 63480, S
e968255c-d9e6-4139-a2b6-a1249657ddac, 1706092126181, 8740, 18964, S
7803392d-15cf-4b40-a5c3-edfbe56bf8c6, 1706092126285, 64139, 21140, S
4b7f7662-b171-4d61-8c71-a5be9640a56a, 1706092126389, 18314, 16800, S
c7942fed-069c-46bf-843d-24c41e1be158, 1706092126494, 24220, 27770, S
5e3fa3b1-868e-4c1f-ab21-7e3049cb0044, 1706092126598, 54675, 17850, S
466ea7e2-beb5-403b-ae00-9a0f8fb37207, 1706092126703, 32484, 4533, S
ab0369f7-a6b2-4dd0-811b-5c165eec4395, 1706092126807, 39172, 24714, S
5ef55ae4-c6b0-4e95-b33f-6e743a5e5f4a, 1706092126912, 5348, 13811, S
5f88dd08-c855-4b5d-ba7f-4b38c151b5d6, 1706092127016, 42371, 45377, S
87b473dc-27f7-4d00-be66-6c3dc22412c6, 1706092127121, 64933, 3687, S
dc77d09a-adf0-459c-a30e-cd7eb1ed9921, 1706092127225, 37780, 50813, S
def2199c-82a3-4a68-956f-78fbda05d5b5, 1706092127330, 14976, 27953, S
0a69c934-bdfc-4642-baaa-cc4faa64d703, 1706092127434, 46919, 19733, S
b4a0dac3-2560-48d4-b17e-62a7be101ec3, 1706092127539, 54356, 55455, S
3f1fb6a7-0f3d-4668-aa04-ec50e5a69b69, 1706092127642, 39084, 47377, S
797ddf37-c6fe-4a59-a124-16a237a8c8d2, 1706092127747, 7207, 36079, S
b56521b7-54f2-4a46-9f2e-98feb9ca67b1, 1706092127851, 57026, 58314, S
5c1acc7d-011b-4bc2-bbcb-f4a05fa759fc, 1706092127956, 6697, 24824, S
41867fc1-e42e-4e56-bdbb-fc6c2291da4c, 1706092128061, 6634, 32551, S
ac2b1add-642d-4a6a-9334-e4c11e0313ac, 1706092128165, 37218, 34518, S
cf6ce455-fa20-48da-8248-3dfdb2e0b903, 1706092128269, 13434, 21257, S
9c7c3aa0-55fd-4103-bfc5-830c7c7d2d30, 1706092128373, 56311, 54466, S
c2641e95-8786-4fd9-b722-bf76f18ee92e, 1706092128478, 46196, 52051, S
b5d02aa8-a75b-4095-a9c2-fc85546d9837, 1706092128582, 35655, 54877, S
8df31cae-efcd-430a-af25-a00c1d9af150, 1706092128686, 42559, 40449, S
0e471269-43bb-453b-bd4d-c93da196364a, 1706092128791, 51309, 55017, S
0fc825f1-315f-42e9-8382-a735a7da48d5, 1706092128895, 42410, 12161, S
1281f2ae-86d4-473c-b622-4fea9555d5f3, 1706092129000, 46006, 59563, S
ab92d5fb-7470-467c-b55a-38d03f2ecc09, 1706092129105, 52232, 58688, S
c6a864d5-ccc4-48c8-9cb4-eeb7b5ad3bf9, 1706092129209, 30746, 56716, S
66a611cb-b1d6-4562-95bf-28d9a511abc3, 1706092129314, 50524, 61383, S
0c135ef0-ac0c-4037-8d0b-454c7b2b3298, 1706092129419, 45847, 37589, S
8bd9e11c-d485-4b69-8ed6-974cf6b4a034, 1706092129523, 45667, 21102, S
baf382d8-0834-4a83-aaad-8cfe76eae2b0, 1706092129628, 10933, 28354, S
6949b483-5c61-4dd9-b50c-9f2f442e807b, 1706092129732, 33283, 2069, S
4626eeec-bf32-45ca-9df4-a1468a906c5a, 1706092129837, 16426, 46181, S
081e4296-4dde-40a8-981f-6de4be1299db, 1706092129941, 1472, 1955, S
f47259c5-8e1e-44d7-a3a5-cdf1c3774e0b, 1706092130045, 27019, 2387, S
97863494-67b5-433f-a558-d2d92bb263cb, 1706092130150, 48052, 16207, S
16f495a7-fad3-4e74-8dcc-8590ea3c41f6, 1706092130254, 35504, 2204, S
06387311-89f6-4a88-9765-5c19104d0e1a, 1706092130358, 63445, 37741, S
27376963-2397-4a9b-ab2c-5ef761fcb556, 1706092130463, 34003, 55948, S
618918de-fe6e-49cc-b341-d666f41c71e4, 1706092130568, 50319, 52804, S
55b872af-50ce-4ed3-95e1-f416efa0ed5c, 1706092130673, 23182, 37462, S
6a30ff60-47bb-4671-9a04-0c4750f22fb1, 1706092130777, 53821, 6125, S
01f5c939-1964-459a-a83e-261d61b8c7c3, 1706092130882, 44362, 31871, S
b471afcb-cfca-480a-a065-e6d3cdc94c83, 1706092130992, 445, 61321, F
e2dfa22a-cb13-490b-b3c0-f84447d95889, 1706092131097, 15076, 53694, S
c844627d-fbb5-4485-8f73-d8bfedca574e, 1706092131201, 14931, 28015, S
2243717b-d217-4a98-be8f-04f8a41fc111, 1706092131306, 42413, 3867, S
9e73c83b-e5f8-4978-ae9a-6b4ca997e331, 1706092131410, 43784, 64820, S
b01f3818-a117-4b0a-b06b-550d95f4c6aa, 1706092131514, 44549, 40199, S
848bd3a8-bd46-4987-95c8-5f17bfdecd65, 1706092131619, 61901, 61081, S
5217674c-5359-4c91-a9c8-e8f1d023fafa, 1706092131724, 25009, 25569, S
37cb33c6-5b10-40e8-8c46-37f0dc8d5966, 1706092131829, 49205, 6016, S
57175e11-759a-4474-8ac6-1c18de7bfab0, 1706092131933, 55555, 16874, S
8cc316bc-91d6-408c-b855-33b7432c515c, 1706092132038, 9887, 7756, S
3ce965fb-068a-4ceb-93d5-728415d9f7fb, 1706092132142, 62465, 52539, S
2e3669ce-d75c-4619-8b0b-733d87fcb9b8, 1706092132247, 16378, 41610, S
49d3c9e5-f7b9-4566-b779-7aa788cd22bb, 1706092132352, 21680, 5101, S
e09e60df-b3e8-419e-b618-93d9f0cf48cf, 1706092132456, 61743, 639, S
fecd5d1e-fd8b-459d-8ee9-006c01ef1904, 1706092132560, 6385, 46218, S
1f1f9c3e-7594-4e4b-a9f3-48a90cd259ef, 1706092132665, 50130, 45350, S
8613d57c-2bfb-4eb2-b41d-37bddc026279, 1706092132769, 48851, 48599, S
f90ea63f-26b4-4eb8-8f31-cfe502cde38f, 1706092132873, 21287, 26076, S
4c496107-52c9-4976-8a40-b5beed0fa8a2, 1706092132977, 40803, 4339, S
a682fc53-6249-4c36-a747-5b1aeaf9a81b, 1706092133082, 19966, 8356, S
868ed6f7-983a-42b0-b84b-79e01d0437af, 1706092133186, 10959, 48146, S
f4948b2d-5ea6-4bd9-a38a-af3b9c0daf1e, 1706092133291, 65500, 35960, S
502db7ee-c3e9-4412-aa37-71022f393281, 1706092133395, 57020, 37493, S
c68ffb71-a02d-4d7f-9415-4f2c96b3d722, 1706092133500, 24559, 54412, S
703e1e72-9af2-40d6-be82-4e4a63c57793, 1706092133604, 28420, 23472, S
fbd9ef1a-af34-45f7-b61c-a24cecb54216, 1706092133709, 64194, 1329, S
77226d0a-8440-467c-bf4f-95ce3c2d3b63, 1706092133814, 5791, 19091, S
36afa80b-734f-49a8-8a4f-a8d98696cc37, 1706092133919, 42982, 60264, S
aa5f5702-2e9b-4a35-acc3-c41aa3c2745a, 1706092134023, 56634, 60755, S
e260d212-80c1-4409-92dd-adf8c6fe328d, 1706092134128, 31850, 36365, S
7f9ad11a-42a7-4649-aac1-308f12769072, 1706092134232, 25663, 52279, S
f9fdfcce-f21b-4227-8ae8-6403afd2a905, 1706092134336, 34129, 32628, S
ccca7eae-146a-463b-9e68-be585fe6a5dc, 1706092134440, 58643, 13086, S
a4f218ae-3e7c-4021-961b-d6beaaec10d9, 1706092134544, 35360, 26671, S
258f44c7-86fd-458d-ae77-f179e2e8351f, 1706092134648, 50052, 33943, S
d153f53e-e95e-4c9e-97d3-5a3f1303a738, 1706092134752, 30403, 6077, S
5b8081b7-7b8a-4cad-b734-3b78008fb723, 1706092134856, 20833, 18070, S
bacf8a3a-37a4-41c4-84c8-2566de0f025b, 1706092134961, 48012, 27538, S
d30e2705-3ad5-4110-baa2-c068a735edc9, 1706092135065, 24939, 45288, S
b3ee17e8-7b33-439c-8552-978147d3ff2e, 1706092135170, 63211, 23598, S
b4179c30-5fc7-4229-8831-6aa21c4c0f3f, 1706092135274, 57273, 24432, S
c7223286-4cb6-47a6-ab08-b43881727be8, 1706092135378, 41468, 19576, S
c103c65c-9956-4207-8cf8-36aa6775168c, 1706092135483, 2306, 41167, S
f0b26954-792c-4474-b8c7-8424f080a7c0, 1706092135586, 24886, 20801, S
c5fa543b-6678-444f-a9b0-6d0262518f7e, 1706092135691, 18632, 4563, S
31700c7d-2537-4e66-91fb-9ad5d0718891, 1706092135795, 64971, 36255, S
b18f7fe7-c8f4-42ba-b688-9dd577280905, 1706092135900, 40044, 36014, S
fadcaedd-b351-4290-8e4c-f0a5d8286da3, 1706092136005, 17312, 55273, S
78dd6996-2e89-42c0-8725-dad07b9776a8, 1706092136109, 8526, 6982, S
87373357-a103-47fb-93da-d16c06ba1c27, 1706092136213, 24245, 3497, S
f868058f-03b0-44cd-8781-4467ce2d47b9, 1706092136318, 57312, 61366, S
1849132d-4fa1-4614-876d-e5d33e3a43bd, 1706092136423, 29956, 63960, S
78a8610b-7e45-4209-ba58-1c12ab1db921, 1706092136528, 65045, 30722, S
2b9660aa-810b-454a-950b-0fd4b6ddcde4, 1706092136632, 20507, 18176, S
150220ea-0512-46df-88c8-9626f0339165, 1706092136736, 51427, 18463, S
6446937b-4362-4ba4-a35f-fdfea0e7dfe7, 1706092136841, 39017, 61410, S
0af9a489-c035-4e3d-8c06-744479e38410, 1706092136946, 11255, 36566, S
869bf490-ae8c-47a8-9bbf-b89970a1ee44, 1706092137050, 44317, 25713, S
d764e960-3086-42b4-8111-95cd5e522c39, 1706092137155, 42521, 44960, S
664c3387-115e-4a4c-a0b1-b0591fcbc0cb, 1706092137258, 25544, 44662, S
515c1a5b-f077-4a8b-9f45-e733bcc74c33, 1706092137363, 58868, 33215, S
5765831b-e625-4806-8f96-3597eb680fda, 1706092137476, 943, 54549, F
72f1b5f4-be6c-450a-8821-66551c9d6ff8, 1706092137581, 48678, 34821, S
d57a92a8-38c6-442e-a90c-8d142c02dd26, 1706092137685, 24072, 1158, S
a642825d-cce9-4644-8419-6358561579d6, 1706092137789, 63695, 53542, S
3658e836-0ed8-461e-9143-bc121cd2d9dd, 1706092137893, 20852, 59555, S
98594267-a1ba-49be-b52b-b728843a8f84, 1706092137997, 35028, 64938, S
0a5272c9-1ff0-48e9-9fd4-80ae377d8fd7, 1706092138101, 38586, 19388, S
30aae4d6-23bf-46f3-95b8-3cb4a6742b47, 1706092138206, 44561, 22183, S
e8052961-3c85-45b5-98d8-abcfeb8c0852, 1706092138310, 55842, 35911, S
f06a5e72-3948-4f7a-b200-1aeb1b09e3d2, 1706092138414, 11077, 7494, S
d5711ee7-b693-4c43-b565-801c4bb88614, 1706092138518, 64388, 37853, S
ecf418a2-754f-4dee-9755-e77278a63bfe, 1706092138623, 28085, 16369, S
d15134f0-56d7-4dd3-bab0-f2acee478549, 1706092138727, 12434, 52701, S
28a9b7df-aa6c-4e51-ab5d-d4322b72b75e, 1706092138832, 5966, 46981, S
0e5ac6ec-11ea-42cd-aeaf-240762619049, 1706092138936, 20192, 22005, S
3d8f49ec-fbb9-4b23-aa15-4e793105a204, 1706092139040, 21604, 21432, S
5c8b32be-117b-4e31-932c-3b705b5c6c18, 1706092139145, 14722, 35300, S
59506186-99eb-4951-8bc9-702df19d6b1e, 1706092139249, 14613, 36420, S
3fff3e30-bcc8-4b95-957d-da805e81b14f, 1706092139354, 21467, 33913, S
21f238ab-01d7-4f0f-93a6-6fc394ec6e78, 1706092139459, 27935, 53077, S
c684be36-108a-4738-952d-8ac6e019cb91, 1706092139564, 32333, 16283, S
e5632237-b93f-4b17-8765-cfbc0beb812f, 1706092139668, 1050, 36189, S
3aac36b3-15c9-41f9-b1bd-48ffc3f63187, 1706092139772, 19720, 39593, S
bf6954ea-ccce-439a-add9-d1eb0ed2b362, 1706092139877, 18123, 16232, S
2c4b4777-5979-4268-bf7e-9c4e95aeace8, 1706092139982, 5245, 25206, S
465a5ef7-1e82-4620-bb1f-be3915fe7dbc, 1706092140086, 50896, 29181, S
fd899df9-355e-439f-8634-6d37156cb3d3, 1706092140191, 48233, 23723, S
da57e8e3-ebf3-4c7f-ac01-d4bf74412938, 1706092140295, 57545, 10233, S
e22cf579-e73c-477b-b1f5-8af213dd2ffc, 1706092140400, 11702, 13951, S
59e5c1e6-108b-47ad-9fc3-5f4d55302578, 1706092140504, 17543, 64186, S
89221e85-d2b0-4e2a-8964-d65d1d03195b, 1706092140609, 42148, 28645, S
ece75aaa-d5a7-49ca-9368-c5d91f423ea2, 1706092140713, 6943, 3555, S
2d7fd0f7-acdd-4321-8946-82e803cd582e, 1706092140818, 33583, 23925, S
5e61ee91-0703-4867-ae7c-11163e8ccc9a, 1706092140922, 19711, 19980, S
32d60be8-635a-42cb-a64a-a785d3d3a985, 1706092141025, 52420, 37940, S
fbc9f030-5721-4b11-975d-09b8c9645875, 1706092141130, 4825, 22486, S
7b7ea2f8-d3af-4578-9ebd-ccf01ddc37f4, 1706092141234, 21388, 59693, S
d7714c00-d783-49e9-a7d1-ea1c81615658, 1706092141339, 22965, 7933, S
197107ef-a88d-4dec-a6c9-1331fc2a660e, 1706092141443, 7582, 9637, S
a0686d28-c5f7-43d6-a410-97e76b025fed, 1706092141547, 57315, 1633, S
4603a9ad-3e3e-49a0-a507-74f29d5b08b1, 1706092141651, 20571, 31972, S
e12d1ab8-fbb9-4b36-b1c0-781df9419ce0, 1706092141755, 3487, 29487, S
a41978fe-2d72-4416-af61-28852c9d1858, 1706092141860, 19916, 54064, S
ced072bc-50e2-4f7f-baaa-045f6e8eb410, 1706092141964, 31049, 53075, S
cd7ed90e-0ecd-48e6-a9d0-4c249df68b80, 1706092142069, 11188, 47571, S
17256910-6a47-4f24-b126-ca638b377dcc, 1706092142173, 47135, 46581, S
d2a392ff-b039-4f86-bc8f-f13a0f19a56b, 1706092142277, 10061, 27153, S
102a2b62-cc5c-4dbb-bc46-d70ab9be5430, 1706092142381, 63674, 6788, S
f9995af1-a3e7-41de-b31e-3cd52173a0a1, 1706092142485, 54534, 15538, S
6f2960ab-abc7-4f1e-903d-6f35a6436785, 1706092142589, 54091, 12578, S
e3681826-90c5-44bd-8e44-a33a6ecb09dd, 1706092142694, 8494, 42817, S
8bb6dffc-89ef-4077-9443-3dcc507da2d5, 1706092142797, 32418, 364, S
02b75da0-1ed1-4a7b-8d92-3d2025f42aa0, 1706092142902, 17879, 25380, S
783c472f-c793-40a6-af30-682252167af2, 1706092143006, 11291, 46207, S
d4e340ed-06cb-493a-83fb-43f29460047f, 1706092143110, 38048, 23886, S
87066fe8-a7d4-4d7f-b431-eb6873772613, 1706092143214, 20386, 22488, S
7cde98c0-e5e0-43bd-b093-4aed7c5eafb4, 1706092143320, 48932, 57306, S
e596cfbe-35cb-40e5-b821-2ab72acc3018, 1706092143425, 49284, 11171, S
1c8e4f25-36bf-4b4d-b447-4e99cffd2e7b, 1706092143529, 27096, 27833, S
92e4e789-4af0-4e77-a3f7-8291583079e6, 1706092143634, 26284, 40463, S
fdb41eff-dd0a-4146-ac6d-859fcbad5881, 1706092143738, 30053, 43006, S
bf63a8d2-29b0-4d06-9bbb-0e9421fe865a, 1706092143843, 35685, 57728, S
92b8be86-2a8c-4db6-a43c-1603a980e16c, 1706092143947, 31567, 36829, S
ad7ea6e1-43e8-4041-8417-6409da0cd169, 1706092144051, 64765, 43319, S
61adcf9d-4296-46cf-94e2-51c877f0e099, 1706092144156, 28246, 13529, S
e56cdcc7-b98c-4064-a1da-1c35727c842c, 1706092144260, 58758, 470, S
2ae01ec9-d31d-4239-b969-486f29595818, 1706092144365, 16204, 5494, S
a7d8f57e-a290-4cee-9f33-f762bdd7a708, 1706092144470, 23750, 51714, S
5da29d56-1110-4c9a-b54f-0adaddaca57f, 1706092144574, 26102, 39421, S
cfd47b7b-6b45-4f24-87d1-1fefa5004681, 1706092144679, 28021, 38074, S
3f6b940e-61ba-4fae-b92e-088828d608a2, 1706092144782, 61279, 9353, S
75071eed-4fa1-4319-b947-f463ccf2bf20, 1706092144887, 50793, 49991, S
76302e26-2c15-4414-a4db-99305d9a801c, 1706092144991, 20118, 7808, S
3995570c-0757-45ce-9f83-60bd0fee3c37, 1706092145095, 19413, 42437, S
05615d69-3b1a-42f8-8354-a742b1413c08, 1706092145199, 46047, 29313, S
d033d445-cf06-4516-b1e1-866306548721, 1706092145303, 25920, 14399, S
19b63684-2b75-4ffc-9044-e0aa0cf533b6, 1706092145408, 35837, 43754, S
54071c11-fa3d-436b-ac76-ed33aa25009b, 1706092145513, 34630, 57057, S
db9af6ac-60f2-49eb-8382-6cb25265fef6, 1706092145617, 29882, 59166, S
e1b56812-2cca-43cc-bfd9-07877a706c42, 1706092145721, 17153, 32307, S
e8f20320-8a6d-470c-bdbe-24329e472d86, 1706092145826, 37491, 42385, S
88b6a05a-aa65-4ee6-a999-ebe3ceda68fa, 1706092145931, 61849, 7766, S
49e1f6cb-c20b-4ef6-8d02-7e8577f18e07, 1706092146035, 15308, 34364, S
8144f778-4363-408a-9087-153c3fb266b4, 1706092146139, 7838, 13746, S
18edf157-1927-4d5a-b574-bb5ba623233d, 1706092146244, 49135, 59358, S
6e23a3f0-260e-4102-8f37-df108e82c941, 1706092146349, 1435, 49804, S
b7dc4e4e-22ac-4360-990c-ed579d5c6a0e, 1706092146453, 17175, 30776, S
db87e63d-a904-40c5-b0f6-fd87b23574b3, 1706092146558, 34957, 64061, S
359292a1-4d72-4ae6-9656-797d2972bd97, 1706092146662, 54405, 41349, S
cda49dec-fabb-40a9-a2a5-9af0c9642da7, 1706092146768, 27598, 22491, S
14b90a35-620e-4ee4-a18a-75ac652847c6, 1706092146872, 48240, 41324, S
3cb6f09d-70f2-4529-88ee-2f6bffd96e93, 1706092146976, 28577, 61854, S
d92f7b0d-1b2a-46fa-9d71-c1f199f84348, 1706092147081, 48823, 42663, S
4a8f0128-79dc-4314-b90d-b6b278d9c2d8, 1706092147185, 43507, 52584, S
d0a34cc7-9f04-497b-9894-6116bb60411e, 1706092147289, 61541, 6085, S
b9174cf2-04c2-4542-b845-4e7071115533, 1706092147393, 45052, 26462, S
b1de75de-99e1-42d1-9c1e-ad3590facba5, 1706092147497, 19708, 3795, S
c8b49bf6-065d-4bd4-98fa-88628d238be7, 1706092147602, 49715, 41009, S
887f0953-4cb9-4102-8fe4-e7ba75db60e5, 1706092147706, 56735, 65394, S
98b64880-ce58-4a9c-ac35-2d430746029b, 1706092147809, 29310, 11238, S
b86ddf6d-94a1-4683-8d10-0d8dae584b9a, 1706092147914, 48597, 44951, S
0a26cdca-0299-42cf-a2bd-25e9f74081dc, 1706092148018, 11567, 6078, S
a815c4de-41d3-4862-ac3c-f86844f315f1, 1706092148123, 18876, 38149, S
ca3d4a71-ad05-479e-9d69-c3e4b70ee3e5, 1706092148227, 8251, 7802, S
3866200f-a650-47ac-874d-56409c9b4c20, 1706092148331, 6988, 18904, S
f17b294b-50ca-411e-a3c3-1eb2779eaecd, 1706092148442, 462, 30540, F
dea18fd3-5cf5-47db-834f-897eeaa4b93c, 1706092148546, 44985, 55095, S
aaa6867b-59c2-410d-a2db-178cd86c7111, 1706092148651, 6834, 59444, S
5b87e833-9766-4a81-b2bf-8b0e4c52194d, 1706092148755, 14973, 11792, S
57f3438e-f225-488f-9fd7-dfbaa2d5b0e0, 1706092148860, 18306, 63877, S
4d08a236-56a3-44d8-8319-b9d917bbc38f, 1706092148964, 5572, 27411, S
f4cdfd43-f4db-4fc7-9290-ee970d2657c1, 1706092149069, 27938, 9602, S
c66de2f3-fda7-4636-87ba-6044ee8c12e6, 1706092149173, 3621, 16692, S
afb6c7b0-35c5-4733-9fde-50c6ee8ed92e, 1706092149277, 21852, 23206, S
30dce6da-4444-431c-90df-e536010b343a, 1706092149382, 54572, 29939, S
f4346d7a-d20b-42eb-8c25-6f17f3386c3e, 1706092149486, 16613, 46053, S
e3467670-7992-41d2-a907-78f98cfe1761, 1706092149590, 54814, 8204, S
7b9daac3-14a1-4b0b-b377-201ed87726e6, 1706092149695, 28272, 32768, S
cb929928-3146-4898-ac47-c1569562fd88, 1706092149798, 42386, 53987, S
a3351b46-cebe-4e49-aaa7-0a4ce2c7e8ae, 1706092149902, 20783, 16330, S
58a1327f-7cde-4e27-957c-12da8d554bbf, 1706092150005, 22867, 35803, S
fba90ff9-8c7c-4d2f-a113-a16d31303bb9, 1706092150109, 44570, 21027, S
30443fce-cca5-4ffb-9be8-180205a1cf8a, 1706092150214, 7772, 48846, S
874270dc-2099-4d23-a395-0b93d4cd563d, 1706092150317, 32286, 45205, S
1d4624ff-47c5-473f-aec6-f768967727a1, 1706092150421, 31701, 12777, S
02943c19-fc9a-4309-b5c1-16f0bdb3c243, 1706092150526, 40112, 34890, S
d286b3e1-c5fd-4f47-b209-4903d070f5f2, 1706092150630, 21651, 31006, S
e698e24d-41d6-464b-97cb-f59c35b97739, 1706092150735, 32386, 37649, S
99ae80c8-09a0-4dbc-beea-5e5262e827f8, 1706092150838, 63092, 31030, S
29d2c2a3-052c-49f9-b505-57989bd51f5f, 1706092150942, 49619, 56215, S
feb2cc92-baa7-4b2d-a8d6-a2cb76485ea1, 1706092151047, 28476, 12223, S
576c2dbd-df81-4148-ae0f-f617663701d8, 1706092151151, 19161, 5706, S
c5b403f1-f2b5-40dd-a02d-7f8084883a43, 1706092151255, 52422, 7951, S
725333b7-72cb-43e8-99f9-80c7f303ace8, 1706092151360, 57836, 15606, S
fad5e628-83b0-478f-8ed5-e1b714c71744, 1706092151464, 8044, 55488, S
72e268c4-fc40-42c5-92b9-bd2da9c9ab88, 1706092151569, 61829, 31749, S
e2ae57e6-0149-45f8-ad61-797a75af12d9, 1706092151673, 21233, 28407, S
856ef2dc-49f4-48c6-a12f-9d97979328da, 1706092151778, 5880, 27257, S
14bbdc05-88a5-4a56-8b39-1e729ccb67c8, 1706092151882, 35944, 52870, S
e78fd53e-a260-4b89-b01b-fcb3d7511bd9, 1706092151986, 4066, 42211, S
b8f185b1-aa52-4048-a60b-fc55e04bdb82, 1706092152090, 53649, 13171, S
45ecbe0d-29d9-474a-8443-72b5cc9a86d0, 1706092152195, 58887, 7047, S
4c29a26b-74a4-4d31-b77e-89111bcf2320, 1706092152299, 47247, 6544, S
7012fabf-4032-473f-a120-b1e1b6074bfc, 1706092152404, 4863, 4777, S
a1dee780-0129-4f94-a60b-a31e8d207cf9, 1706092152509, 50302, 16109, S
6e56e5b8-f59c-43f7-9698-be12ea2a62cf, 1706092152613, 21389, 25261, S
39471f63-8233-4757-b134-de7f63b9e897, 1706092152718, 59438, 21195, S
7daacc17-cc13-499d-9471-33911c10d571, 1706092152822, 25527, 47014, S
cb5e57e6-2a66-42fd-aad9-20096b27ac1b, 1706092152926, 11417, 13232, S
93516bd3-ac23-45ca-8ff5-9e86114f1ba2, 1706092153031, 39515, 50338, S
46a9e6a6-a16a-4ae0-bf20-71d365558a2d, 1706092153135, 3595, 39965, S
0e953958-33a9-4d3e-b568-b5299cfa7c6a, 1706092153239, 57034, 38503, S
ffdcaf0e-e459-48a5-be36-4d57dc379028, 1706092153343, 4232, 9073, S
6abd5ca9-2a90-4d7a-8707-b8d67099943b, 1706092153449, 37788, 34123, S
783335c3-0ce3-4c63-9d89-ec113951dfd4, 1706092153553, 56267, 45399, S
319bf9d7-2d21-4323-92cb-9653ba44dada, 1706092153657, 13152, 159, S
518e4adc-201b-4cc5-958b-a229b28151f6, 1706092153761, 42570, 46167, S
13f61556-d97a-4eed-9d35-c9c696187b13, 1706092153865, 58108, 53286, S
7c194276-844d-46a6-a845-f00698bf5e21, 1706092153970, 8369, 41466, S
02571de7-28d4-49d7-a819-0cb557c8ef7f, 1706092154075, 1581, 50483, S
c565079d-7006-4e1f-9d81-a85d5e2ddf77, 1706092154179, 63122, 6570, S
3e72ff8a-9a43-4445-a3c5-7a6463ed10d2, 1706092154284, 8870, 2495, S
efc9d42d-ba37-4593-969f-3b5229fee8c7, 1706092154388, 38085, 65286, S
ea26c358-e2b4-40a7-9961-ec8db143a0c9, 1706092154492, 3738, 51602, S
adae0ee1-ba43-44f9-89ad-d6b1b66ff875, 1706092154596, 26896, 39291, S
1f3dd9dd-be22-4929-bfd4-6f44bc1051c7, 1706092154701, 62684, 17239, S
0b1ee6f5-6a95-447a-9623-324088d84d22, 1706092154805, 8742, 46543, S
dbdbea0d-a8bf-4476-939e-2aeed8c17139, 1706092154910, 16625, 25588, S
e0ce3a9e-09d4-408d-bfeb-457aa52a8b1f, 1706092155014, 32258, 27919, S
d3152c07-6de9-46e5-a278-627fd0d92d14, 1706092155118, 34931, 56152, S
6378af4e-1f19-4393-8cb5-2eef37762018, 1706092155222, 2691, 27627, S
3a35281f-41d9-4b9c-99ef-e8e80a8cc677, 1706092155326, 58865, 35391, S
7ed6b7aa-7c46-454a-add0-1286d0d28fe4, 1706092155430, 27348, 17255, S
f009eb58-5137-4809-83d7-5f91807bb1cb, 1706092155534, 21763, 50395, S
dccc2ecf-c1d0-4b16-84f5-3f479f96fa7a, 1706092155637, 17320, 58175, S
1135c656-6bad-457b-9c53-2fd6b4769958, 1706092155741, 64567, 22212, S
6e085678-123c-42ef-877a-9d6f26f53865, 1706092155846, 16285, 44362, S
213d5c83-63ea-4ecc-bbc8-045eac40a244, 1706092155950, 58127, 48128, S
23e4be8f-e0a2-4fe0-a762-46232630c39d, 1706092156054, 31641, 56779, S
650ecf9a-2694-41de-ace6-d3d7f35ae902, 1706092156158, 14507, 47544, S
c0a2c098-8a89-4e70-8dc6-faf9bd74b4eb, 1706092156262, 19473, 25997, S
52d9f27a-6a76-4ffa-a1e0-48b5ac969184, 1706092156367, 34365, 5126, S
991ecc1b-759d-47e4-a584-34e332de2401, 1706092156471, 6693, 33259, S
5c37b2e9-4a7e-44ce-92ef-9f84097f0916, 1706092156575, 58782, 47507, S
70072c48-7d0f-4ad1-95e7-4701d33db1a5, 1706092156680, 37338, 22556, S
412a58de-476d-4ac6-94b9-48395d41906b, 1706092156784, 36220, 49347, S
96342a09-447c-46b8-8a80-c74f8ef38ed7, 1706092156888, 41618, 48967, S
d48f0932-5528-46fa-9b25-795cd3508ed3, 1706092156992, 36791, 45093, S
8d48c85a-7c85-4258-b798-f6599ffd71af, 1706092157097, 33988, 10896, S
926796c1-6ac3-4c19-8bdf-241070b1d7bc, 1706092157201, 60190, 16206, S
4f5c6a6d-dc3c-4a44-b67a-2dc0a559dafe, 1706092157305, 64923, 23046, S
d699fea9-5574-438d-b816-fad81535d9b4, 1706092157409, 39729, 12513, S
8165e81d-ae97-4436-ad2d-2de1db2a831a, 1706092157514, 28472, 57199, S
ecd6eda7-8951-4166-aefa-2d05b06c7c7d, 1706092157618, 1407, 60163, S
92934ec9-bda3-48bd-a9dc-012290f76b7b, 1706092157722, 35354, 14882, S
97a43bc4-89ca-4292-a561-825adf616629, 1706092157825, 40608, 7585, S
8f0a1e92-0267-4709-a25e-f0b89f6b0313, 1706092157930, 18784, 42286, S
b31d8b24-e9ad-4503-8f2e-a6206ef3dfa3, 1706092158034, 63378, 33999, S
a3013d72-4215-4a50-bbb6-e03bb7c9b28b, 1706092158138, 4384, 22387, S
ef501d7a-87ef-4258-a8d2-ec97eed4dfe5, 1706092158242, 56087, 28229, S
1194bb49-697b-4273-bdb8-0428a673257e, 1706092158346, 50443, 51872, S
4909d9c4-329a-47fc-8e34-cec6f985286c, 1706092158450, 34747, 61738, S
0b41f9c8-df2f-4351-939e-5a923998f811, 1706092158554, 20004, 45022, S
b0832895-217a-4a33-9845-a72abffba28c, 1706092158658, 32744, 22068, S
c868b8b6-6241-42d9-8d13-fc618385899a, 1706092158762, 41204, 683, S
9b9e5ce3-52da-4940-97ca-59e2e013acbb, 1706092158866, 21955, 21517, S
f89cbd74-8ed4-44e7-b10c-2f4566ae7fd1, 1706092158970, 45582, 26788, S
3763cb72-a063-4348-822a-7c753f8fa90d, 1706092159074, 46264, 28851, S
44cba92d-5ddb-4108-a3d8-fbb0a63348be, 1706092159186, 653, 36675, F
5dbfa52a-778d-494c-8234-edf90faf27f9, 1706092159290, 48393, 65323, S
9dabd963-772d-4248-aaf0-255d6ab1d194, 1706092159395, 61503, 50800, S
f46aced6-0f3a-4a47-944d-e09d4cd76a3e, 1706092159499, 46204, 20042, S
69b4f1b2-0bee-41e8-975b-e20973fbd13e, 1706092159603, 64341, 51214, S
f8b9c0c7-cfa8-4dd4-9089-41cc9aa4e0b6, 1706092159707, 2314, 687, S
f5fb11f5-68e3-4a99-9b12-d47ed8982475, 1706092159812, 40694, 52406, S
3182755d-b24a-46df-85a5-0b6ac1db78fc, 1706092159916, 33711, 10711, S
8726482a-099c-4db3-aa58-ea5c5ec4cdee, 1706092160019, 35357, 55539, S
8ef055a6-fe0f-440e-addb-45b85fa790aa, 1706092160123, 32866, 10569, S
7a2db9c9-87a6-44b2-9fa4-a033a2e5e099, 1706092160227, 40585, 62665, S
332ab5f3-a662-4e55-9334-c04666238c46, 1706092160330, 18298, 32580, S
fa76acac-3c26-49c6-bc66-13260bff5e2f, 1706092160434, 16454, 42788, S
86ef2129-02f4-466e-bbf9-1e219f4c640f, 1706092160538, 7523, 9537, S
2fbb555e-3167-4d38-9845-b21fdcf3b290, 1706092160643, 26034, 12232, S
f68d9be7-d42a-4c2d-9e3b-f5f9ae6b617e, 1706092160747, 50624, 65383, S
dceece5f-270b-4b24-a92f-e2d389b091b7, 1706092160851, 60570, 35455, S
64bf9c5d-d1f9-40f3-bcf9-a43ddcd74b41, 1706092160955, 52123, 58686, S
f9749bec-7df0-45f4-a43d-d2140f88c420, 1706092161059, 12062, 18501, S
6624c148-0897-4ce0-a0bd-eb6715aa02a3, 1706092161164, 16494, 57808, S
a1995838-8b56-4bb6-ad8a-04056d64e597, 1706092161268, 65300, 9922, S
a0042447-18c3-4eb5-aab3-257c716748c5, 1706092161372, 46509, 60948, S
3b18f551-2b6b-4438-af61-81f9bc6e2e75, 1706092161477, 40783, 46834, S
e2bf1f77-79ba-4fd0-8929-34cb9478e1ce, 1706092161581, 10997, 56291, S
a135c3b5-2ce8-4ad9-97c6-27347cdca5cd, 1706092161686, 28871, 26515, S
e1367c56-c01f-45e4-9ea9-93ee0eb6e864, 1706092161790, 64852, 31738, S
c5dad74c-3704-4a25-9e7a-6260299e3f52, 1706092161894, 16041, 23632, S
79a332ff-a121-43ae-8f5d-1f49bd8aea04, 1706092161998, 22274, 16325, S
ca2a7328-c643-49c8-b3fa-b6a47a74583c, 1706092162102, 30362, 17730, S
3c39d2cc-f850-4b31-8401-178637737f21, 1706092162206, 40317, 1425, S
f5595c2f-1d46-4651-8f45-6c519a7db681, 1706092162310, 62188, 29605, S
c05bd1f6-5a26-4885-93b2-dd5d45efefd3, 1706092162415, 63666, 53128, S
fb66239a-410f-4913-b845-69ce7ee85121, 1706092162519, 36131, 49369, S
bd89b527-a1be-43e2-aedd-79abbf045e78, 1706092162624, 44350, 17354, S
5c0f330e-4c5a-4687-9499-57fbd9b8f953, 1706092162728, 56445, 57159, S
91fd74ad-7652-42a8-ba36-bc91d52ba5f8, 1706092162833, 55693, 47067, S
0a2e1b1b-ad69-4f82-a7e3-644838cd3183, 1706092162938, 7169, 44197, S
f44345b5-6dfd-4be9-b7cf-bc85b38081d0, 1706092163042, 53079, 16470, S
56cbe4a1-7ab9-40be-a8da-9df82839826d, 1706092163147, 45381, 1320, S
7b1879ce-0d03-4aaf-8524-977f746a6267, 1706092163251, 21413, 45460, S
7de3ece9-5fc4-4fec-83f9-92d0096f1feb, 1706092163355, 47196, 50018, S
674cc85e-52ba-47db-beb5-dc5e6fcc935a, 1706092163459, 60971, 11840, S
91778934-b0c7-4c01-bd1d-17f507e1b57a, 1706092163564, 29718, 51291, S
4a343c18-7fc6-4e32-a41d-6e5d956559f2, 1706092163669, 29169, 42293, S
ad45f726-82e2-48d5-b407-6a2c870098ff, 1706092163773, 51753, 41797, S
1fa90e92-5e18-4e3b-b868-46f43fae8c0c, 1706092163877, 26869, 13464, S
f861ead0-c582-48a9-a0cc-26216338c87c, 1706092163982, 37745, 65146, S
01e05e13-5087-47ca-a02b-f7075cf20946, 1706092164086, 18071, 19851, S
63808e03-2a33-4714-aeeb-197e51897944, 1706092164190, 51847, 11128, S
b3ebc14d-597f-40b1-954e-a051af95882f, 1706092164294, 20383, 57729, S
7f3c8394-ebef-4a86-a947-ef70d673321a, 1706092164399, 28617, 11540, S
d1857707-b527-4b60-87ab-bedc6ec59b90, 1706092164503, 31531, 12390, S
3b133007-676d-4666-96a4-bf11f57a3b6a, 1706092164607, 35729, 49071, S
9af76fa0-8329-4018-97c2-3cb36ece52bb, 1706092164711, 18361, 30018, S
0c66bb7d-75cd-422b-911a-2a7f37d65c1e, 1706092164816, 58546, 14689, S
79569f21-a72f-4246-b28b-486de160765f, 1706092164920, 46637, 40433, S
741c9b36-54a3-482e-933e-7d1dbcd55213, 1706092165024, 41049, 45695, S
57253bc9-3f5d-4785-8a50-4e8cd743073b, 1706092165128, 47817, 10351, S
f221039c-51f0-4308-945b-8b6fa6c067e4, 1706092165232, 50673, 3810, S
f6ede475-d2c4-4231-ba5b-b4671580cc3c, 1706092165336, 20876, 24080, S
7adf273c-d5c7-4440-9ca6-60e444a9365a, 1706092165440, 59396, 45473, S
d684f428-1c4d-4e3e-b67a-96e0bb8fed6e, 1706092165544, 40148, 36685, S
41aace15-1210-442a-8200-90555e2a48d2, 1706092165649, 6154, 10352, S
ff242b63-47af-4189-9503-405f32bb6671, 1706092165753, 31564, 22351, S
0bf54b6a-5fa3-4d95-a65d-9b10f3ccc409, 1706092165857, 57660, 33759, S
5a66a360-20b5-4eae-b2f3-f1d75d48f7a4, 1706092165962, 11876, 36301, S
fb2ffe05-4574-4ebb-b73b-e067a74f264e, 1706092166067, 63593, 27836, S
13efc287-2f33-4d6f-aab1-6114f3255ce2, 1706092166171, 34098, 5158, S
58c8ba78-94bb-4795-8024-14f40ae24d03, 1706092166275, 19660, 35158, S
aaa302f4-6e59-4613-9769-344aa21a65d8, 1706092166379, 3646, 1589, S
c3aa48a6-42a4-4a69-aa3f-2e49617c96d9, 1706092166484, 39710, 54039, S
85224221-b824-4597-986a-6afcd95bef24, 1706092166588, 30322, 22070, S
b932f335-d25c-44e1-9233-772fa408c2b2, 1706092166692, 27045, 1194, S
bfc5ade3-c6d4-4896-bcff-249cab74a329, 1706092166796, 53031, 52880, S
25ec50bc-5034-43f7-9d7f-92e99f643cc2, 1706092166900, 28614, 10045, S
796c1d06-1c83-4621-aec6-a555a0c32c20, 1706092167004, 40621, 61971, S
efc230d8-b8fc-4c6b-a49d-60fc31893d29, 1706092167108, 60028, 8971, S
d0692d7d-8c59-4e1e-bc8f-01c33cd0d576, 1706092167213, 34086, 28703, S
e22ee692-e4b1-422a-8bd0-2321a166766a, 1706092167318, 6068, 63124, S
9b31310c-7013-4a15-87de-393620c94bf8, 1706092167422, 43265, 55717, S
2f529ee3-7fea-4531-afb6-47e2e2c19038, 1706092167526, 59344, 25240, S
4431d3b3-5a58-4d5e-8867-ae2f84223318, 1706092167631, 21749, 1521, S
dbcf94ff-550b-4030-bd8d-143f3ade8c49, 1706092167735, 22519, 58731, S
1406d1db-7121-42a4-89f9-0e1f08e60020, 1706092167839, 46951, 55649, S
e96288cb-e5d7-4329-91f2-d6aee2871a0e, 1706092167944, 13585, 54363, S
909d9864-48f8-44f8-93e1-a9fce189543b, 1706092168049, 27281, 53249, S
692c5318-1ede-4f05-a047-97a0fabc78a1, 1706092168152, 42684, 42551, S
9d8842ec-06ce-44f5-a051-34b0c1a57008, 1706092168256, 63168, 17787, S
0a7539ba-57fb-471a-a9d6-66ad702392b9, 1706092168361, 64334, 25671, S
7e06d6c6-eafa-49cf-a19b-798e52f4aabb, 1706092168465, 31338, 11468, S
e9579829-2b95-47e9-8e93-6a21e4aa0095, 1706092168570, 63339, 54223, S
3813ae63-0e89-44cb-8f2d-9ef1b4262876, 1706092168674, 33047, 65318, S
267f2090-ff8d-4f9e-a5ad-5979b61c53fb, 1706092168778, 51668, 23806, S
a6a854e1-3c85-42ad-92bf-37e39997b291, 1706092168882, 62806, 48434, S
ea8cd8dc-0d7b-4811-8d23-2bdc129d0c33, 1706092168987, 50777, 15496, S
2734bc55-fe6d-4d14-b6db-92ec1ba5732a, 1706092169097, 169, 62639, F
75c190be-b693-47e0-92d6-fe7daedd4633, 1706092169202, 10486, 31861, S
a69dacfa-ad5e-4b6f-906c-2e3c60612118, 1706092169306, 41330, 33313, S
26cb0afa-6963-4d59-bb89-60ee14464570, 1706092169410, 23246, 13196, S
c7eaf5e0-6e8d-4f1e-8ec9-92104437145a, 1706092169514, 28262, 22480, S
d4c47431-687d-478a-9b61-d353861d0626, 1706092169618, 41927, 16644, S
46c4f57c-0bcb-412f-933a-9257ae1ca27e, 1706092169722, 27128, 37725, S
6965c559-c0fd-41b8-b686-f416836085b0, 1706092169826, 56077, 56906, S
41d41f84-4caf-49cb-949e-379584b1b8d6, 1706092169930, 4521, 46677, S
0bca86d6-d6f5-4fe0-a967-bf4cd7294246, 1706092170035, 48736, 48409, S
f97bfad3-7115-4559-8a6c-9cdac78ce26e, 1706092170139, 3186, 63264, S
9d41c81f-af45-4ab3-b680-53e700fe5a3a, 1706092170242, 28270, 40330, S
54efa23e-3e79-4c74-996d-6643f9c2d776, 1706092170347, 19237, 5675, S
7b9d2bd8-059a-414f-8c1b-a16ce598e384, 1706092170451, 40235, 41923, S
732dc497-ec2c-4d15-868c-0220359cec77, 1706092170556, 9070, 35102, S
6bafaa99-22b6-4d7b-81da-bf5c6687ee12, 1706092170660, 5031, 34812, S
14e6aee4-b46c-4725-ba25-b81c86bfec4b, 1706092170765, 44028, 40393, S
479cd104-fb20-4d68-9cfd-7dba0d33d073, 1706092170869, 52076, 39683, S
fe563599-76c6-43b4-bc2b-9e1ce45c3fb6, 1706092170973, 12885, 18341, S
4b700684-d9d0-460e-a8cd-272d728621b9, 1706092171077, 21862, 34541, S
2adb7aab-8cd0-4500-a8c7-18c92482ed80, 1706092171181, 7921, 14003, S
8615c477-34b6-4fd8-8555-09c28edd76ef, 1706092171286, 51994, 15484, S
7db3be91-9273-437e-9792-9c9d1dce0026, 1706092171389, 20420, 4330, S
5eb41db3-878d-4d14-89c9-1f5b8d315857, 1706092171494, 49886, 14346, S
0364ed8a-ec76-4484-a6f9-da3e68b055c4, 1706092171598, 32073, 46075, S
778cf968-8dc9-4146-89aa-5b88b3b5d5e4, 1706092171702, 7753, 61336, S
925652cc-2a03-45a2-97af-1358b3c2b447, 1706092171806, 39718, 61252, S
2e9ab6ba-5d09-4ad7-bb9f-25ae0b41b4d4, 1706092171910, 19947, 21739, S
cd512948-71ac-4a03-93e5-4201bf7a375f, 1706092172015, 25236, 27177, S
e03a2634-c7ef-43e6-b9ed-5af958443153, 1706092172119, 18444, 42800, S
989738f7-cd1d-4d4c-a41c-0a94689892b0, 1706092172223, 49186, 16203, S
6972d036-b67a-4da4-a754-2527e681db91, 1706092172327, 43550, 6983, S
8c5fc23e-5613-4f75-a009-90ff4f2f3d7b, 1706092172431, 29522, 27988, S
7531f85f-cb26-4b75-a081-915b23d8234b, 1706092172536, 5835, 33318, S
cafbb881-6a53-4297-9211-5ce58f3bb551, 1706092172640, 37584, 18258, S
213d8e36-556d-478f-a637-6aefa56f89ad, 1706092172744, 5001, 6548, S
7dc6e094-ea72-43e4-8ce5-0e956a309d47, 1706092172848, 58095, 42908, S
803c3c5e-8d17-4ad3-94eb-ae4efb91462e, 1706092172951, 35146, 62206, S
0c4cd405-1084-4a4a-908c-9d1f89fb86d5, 1706092173056, 11591, 59318, S
3a807222-b399-488b-93f2-10086eff204a, 1706092173161, 16038, 596, S
79b7a193-00bd-40ae-8e9f-9395f0b1babf, 1706092173265, 48989, 19467, S
3d901f1a-2bbd-4f2e-889b-093c51a59a8f, 1706092173370, 41150, 21033, S
21a63147-e25a-4583-b5db-c0af35e4d6dc, 1706092173474, 43603, 25943, S
c29e1249-136f-4a42-beff-c011a044081a, 1706092173579, 47674, 17739, S
b3fa4e02-6f2f-483b-ae32-ec3f3305f812, 1706092173683, 16301, 409, S
f73f7600-2e28-44bf-be20-05c78d2eee0b, 1706092173787, 47298, 54128, S
e92ad585-0e53-4d87-8ddf-02cf41fdeecd, 1706092173890, 33334, 63143, S
ed08270f-bb26-4056-98c4-eb1ebdf511c0, 1706092173994, 41937, 20457, S
60669082-cb8f-4336-a2a6-cad81cc403ff, 1706092174099, 53078, 19067, S
62f7a157-b3e1-4de3-8578-27b70842b27a, 1706092174203, 53389, 58247, S
9b4eecf5-72a8-4f54-89a4-9475b78780c5, 1706092174307, 22786, 52233, S
af84001c-17d4-4f88-9971-e8a582e868aa, 1706092174411, 2807, 25722, S
3b8c6873-4ff5-4fee-b4e5-835708666052, 1706092174515, 65283, 24821, S
02e54819-1630-4047-8381-8a4ff9c19015, 1706092174619, 16051, 31049, S
0c6aeaec-ad01-4b5b-b872-6239cc8c515d, 1706092174724, 28283, 34078, S
3558af71-03bd-4c3a-9709-13d935948e94, 1706092174828, 10829, 55167, S
889ca7c3-22de-4e1e-828e-45bb00ae38b9, 1706092174931, 17059, 33355, S
d6cec725-20d4-474c-a074-6d9c5da73f37, 1706092175036, 54160, 41095, S
63a168bc-0af1-4b76-a2ad-6681ad489529, 1706092175140, 10386, 60047, S
5d4c8026-1033-4392-9f88-882698b8c1f8, 1706092175244, 16175, 18424, S
7e83b42b-a142-465c-95a8-eabd86f50677, 1706092175349, 28698, 60652, S
c32fed53-3c14-4cbb-a80f-6704381efc68, 1706092175453, 8009, 60516, S
d0b773a8-8531-475d-9aff-4788e0ce1c73, 1706092175557, 41483, 20967, S
6609cf4b-2628-4640-8797-e03b18924f34, 1706092175661, 43042, 25207, S
d17fcc8c-0580-4648-aa48-b0edc44d1b37, 1706092175765, 47622, 2543, S
3ebcbd34-dfb8-4eb4-965c-04b467e1af47, 1706092175870, 31907, 44372, S
3158ddfb-b8f5-4f4c-a0ca-bcb11f74ba18, 1706092175974, 50028, 6565, S
be80a154-9ddf-4676-9387-6836459a6229, 1706092176078, 29531, 3729, S
a229dce0-3b4d-48b6-8f87-29f2ae324eb3, 1706092176181, 29499, 33817, S
e5f65bda-9f85-4dc7-b305-5ba1cdfab3cd, 1706092176286, 55518, 20297, S
2205b74f-23b4-4328-a8e3-3da43d35df01, 1706092176390, 48325, 10763, S
6ef93e1a-3290-4894-b6bf-8fa43d73ae69, 1706092176494, 32327, 7127, S
e9139b66-7a44-446d-bd49-7700eec53879, 1706092176598, 32192, 8519, S
94d89000-b602-4cb8-9f01-cf3407d13aff, 1706092176702, 36883, 61281, S
f303da15-8064-4385-ae9e-1d5e033c16b8, 1706092176807, 22820, 58708, S
9b348c81-4f70-431d-9c4b-164ecf640f63, 1706092176918, 703, 22944, F
fb73ffdd-ed44-4b62-bc5e-44ccfc3652d7, 1706092177022, 10630, 8999, S
4f91865e-8903-4ab4-84b4-255b1c9e3dbd, 1706092177126, 5514, 56150, S
b5a41d4f-6de9-461f-82e2-a487b0fee325, 1706092177230, 53552, 28702, S
177b63fd-a15e-4167-990e-4d267c0df04c, 1706092177334, 25359, 9198, S
c9fcd713-cf3a-4522-9ee8-0e7d9bdad982, 1706092177438, 61393, 43261, S
df84e519-9f88-4e3f-a24b-abdf00dd0cb9, 1706092177542, 20458, 44554, S
00c3171f-3004-440d-9169-095818d2ccc4, 1706092177646, 55196, 36158, S
7cce0a3f-5727-4295-9ebd-432be7a05326, 1706092177751, 33944, 22089, S
5bcc33c9-ea39-480d-8d93-1fefbcd8c5b3, 1706092177855, 36769, 47142, S
181f5faa-fb8e-46d9-8389-2270f22ab832, 1706092177959, 5890, 14396, S
5da427de-7cc8-4b85-826c-57e9d9b4c0cd, 1706092178064, 46855, 63684, S
8fddaf55-ccb6-444e-8e64-12d5700b7e8e, 1706092178168, 38375, 34112, S
42ed3dce-36c1-4aee-81c6-25e815d65d5e, 1706092178272, 32169, 32200, S
61afc8e3-4d46-41b1-917f-a12f9cfbc619, 1706092178377, 13362, 51703, S
886bb680-a4f6-4541-85c6-ac807cb6ad8d, 1706092178482, 15337, 30649, S
ca2ee1a4-f134-4bed-8e56-e829ec7ea610, 1706092178586, 63095, 16963, S
7792247c-7f86-40c0-b678-659d16ac334f, 1706092178690, 64491, 47407, S
e33bca0e-6f2f-46ac-ab2d-070e916dfcba, 1706092178794, 15307, 27914, S
46cd8ae3-61fe-451b-b346-f29ed14abc65, 1706092178898, 58922, 39724, S
961520bb-4dd2-492e-821d-b997e4abf31a, 1706092179002, 23440, 49921, S
9068f3cc-a98b-4bf1-b6fc-8812d28ce00f, 1706092179106, 60154, 35948, S
541cb33e-4b6f-451e-9f74-55156a72fee0, 1706092179210, 46255, 61462, S
86e3c219-79f8-47e1-a992-f403a9d73c87, 1706092179314, 51604, 50899, S
a1e0fadb-b9d5-4173-a6dd-ca619574aeb9, 1706092179417, 54444, 28033, S
508a5a89-6ede-43d6-a2cf-b7f22370ec24, 1706092179522, 8513, 25337, S
9189d250-39d1-436e-986b-709faddb75a0, 1706092179627, 19907, 47696, S
224592c5-1a52-457a-bfbf-b0724bfb49ca, 1706092179729, 59556, 23410, S
3bdab16a-e854-4f69-9d29-706318203aec, 1706092179834, 13609, 48958, S
b397b7af-ad10-4c58-896c-9a4f88ec7ed6, 1706092179937, 48635, 21994, S
9458f842-3593-4c30-9b66-8a8870c2ddd5, 1706092180041, 22739, 43942, S
4b9c372d-e7bc-4f59-bb2f-1b6d924f0421, 1706092180146, 22912, 13121, S
05586b08-7d30-446a-baa4-e2ce5b433864, 1706092180249, 11139, 61433, S
779dd5b6-7f43-440b-ad64-cb6eb697d17d, 1706092180353, 43762, 26201, S
00fde47f-894d-417e-a31c-98410d9a3e62, 1706092180455, 12645, 22258, S
63959a0c-fedc-42bf-a31c-790d3345f75f, 1706092180557, 7273, 54930, S
f450c7af-0a83-44df-9e04-f711ebe3d77b, 1706092180662, 16098, 6726, S
93638e3b-80de-4330-a2b1-7c7f41540626, 1706092180766, 39902, 21691, S
62f6e107-f50d-4f8e-8d2d-472664153f8c, 1706092180870, 26085, 15584, S
5dec8762-4f4e-45b7-af39-dc129c708928, 1706092180974, 59033, 39369, S
72602112-1e32-47e7-8479-724766bdde8d, 1706092181079, 15298, 12642, S
3678aaab-f97d-40ab-a775-e22c997764ca, 1706092181183, 23116, 9724, S
96b3d1c9-a3e0-4a8d-90b4-22ca45f6a90b, 1706092181288, 6100, 35706, S
44b099da-5959-4709-9b47-c8a7ce301777, 1706092181393, 39138, 41481, S
d43605e8-72af-4896-81c4-e77a7dcc736b, 1706092181498, 18749, 8120, S
c6dda4aa-f25a-44ca-a27e-19a83497c012, 1706092181602, 10614, 9608, S
e7007423-fafb-4b21-a51a-be1ca81b74ef, 1706092181707, 59503, 62218, S
aa1fac67-d57d-4645-a3e1-7ad21c105dcd, 1706092181811, 58932, 19602, S
af4e7171-8885-4088-b028-f9ed862614cc, 1706092181914, 40036, 12112, S
922eba67-d476-408d-8c71-a66dd60582ca, 1706092182018, 43962, 59386, S
ff61317d-2260-4497-af20-7f34f8e11c29, 1706092182122, 62685, 48920, S
b57bbd8e-bea0-4bcc-b8b9-84d68c6dc0da, 1706092182226, 18939, 9184, S
55e4cd0d-d416-404c-ab38-9688dba06bde, 1706092182331, 26989, 5022, S
1c476020-b633-453d-967b-6931f86f93bd, 1706092182434, 6240, 3583, S
caebcea8-a8db-4e94-8ff9-90d95599113e, 1706092182538, 35590, 12589, S
695fc7dc-6a21-4636-8b14-9368a8e615d4, 1706092182642, 43154, 21187, S
59e79890-3221-42e3-92a2-c2704ca7fb08, 1706092182747, 10818, 57878, S
354638ab-97f3-4754-b879-b2489fb53cd9, 1706092182850, 8377, 54728, S
99bba522-c37c-445c-8263-6a531277a03a, 1706092182954, 63748, 53330, S
e3cdbcbb-bbad-47e0-ad24-02e4c250dc55, 1706092183059, 62395, 59353, S
68b50856-2b16-4d7a-b979-ccf2f1151f98, 1706092183163, 40223, 52814, S
5bd46388-d8eb-482e-becf-6046dd638e32, 1706092183267, 45787, 9475, S
e4e75cf4-a781-455a-8fa4-8319fa03f716, 1706092183371, 43272, 30446, S
ef2b4428-a510-467c-85c2-781bc083d431, 1706092183476, 49699, 35252, S
bb68c366-74ed-4942-99bf-4872af17d353, 1706092183587, 785, 35903, F
200b04bf-1796-4629-9faa-2780ec51d966, 1706092183691, 57573, 47192, S
15928a72-7cd1-4b19-a50a-f0b6b677f0ec, 1706092183795, 59143, 44211, S
23dc69a5-ef7e-4508-9dcd-f2621f3576a7, 1706092183899, 17228, 36310, S
38846537-6eb6-4b7d-b2e7-328200fd1ce4, 1706092184004, 40171, 4003, S
eaeaac55-d356-4a6e-b5ef-c4087e0a54fa, 1706092184108, 46641, 55367, S
60e07a8b-e578-42ed-ac02-c6f8b53cadef, 1706092184212, 23734, 3871, S
4d48cf2d-9190-487e-82a8-61eb2d24b536, 1706092184316, 30670, 4265, S
7121f291-9563-480f-920a-4ffdfdc84d08, 1706092184420, 29894, 21095, S
8fa4e516-fb5e-44d7-af56-42ea78e0bd95, 1706092184524, 62788, 15015, S
7adf2525-0a1e-40a9-ad69-5a55a20574c9, 1706092184628, 18454, 59745, S
02676ac1-89c8-4d63-9b52-00f691bdff88, 1706092184732, 20341, 42742, S
895a9631-95a8-475c-8aa7-935e67c6f39f, 1706092184836, 62647, 64899, S
7cc4ea88-9032-482a-8a84-a781e50566f8, 1706092184939, 42788, 20473, S
40b96b60-6007-4601-a95e-a417cff2fe15, 1706092185044, 8488, 63337, S
db6c18c0-3daf-4d8d-94b5-7706f60f2e2e, 1706092185148, 16767, 53070, S
672c61c2-06b0-4167-a641-5f35b14e27d6, 1706092185253, 56531, 5876, S
2552b766-429e-4086-a6d5-fcd425d9616c, 1706092185357, 40452, 2249, S
ee5fcd37-d09f-4bae-921f-824623f3c2c7, 1706092185461, 24649, 9019, S
ba0b878a-04ec-46a1-8506-4159368dbd4e, 1706092185565, 1205, 34899, S
c28b4a63-6217-4760-8175-39e7b120f06b, 1706092185669, 27082, 3266, S
c6a42527-67b5-49f1-bf35-11231cc13591, 1706092185773, 61573, 5416, S
e6b31182-4204-4990-9743-53d00838e25f, 1706092185877, 10326, 21394, S
6e013216-a315-4ca1-a05a-01932cb961bc, 1706092185982, 12167, 53970, S
9838b734-9578-4af1-a456-6bffbddf9a70, 1706092186086, 46103, 21578, S
7111fb13-e1de-45c4-b73c-772f691c3d33, 1706092186191, 31892, 20556, S
b235290e-46b3-4870-a9c7-d039ea6fe4dd, 1706092186295, 58116, 17816, S
45dadb31-2254-47f5-bee5-e91463268246, 1706092186399, 36137, 59399, S
c7317415-782b-4ae4-848f-492247d64084, 1706092186503, 31496, 7894, S
75b3cbe1-5624-4cce-bafe-23d62774f7e8, 1706092186607, 15777, 35896, S
f2e4760c-481f-41b3-9e03-6b54a9be51fd, 1706092186711, 44102, 36344, S
408500bb-a59c-4bff-89a4-b0dbda119275, 1706092186815, 64100, 22364, S
81ba4048-fb9a-45a7-b4a5-16d50fcd1ca0, 1706092186919, 55172, 33890, S
5768c2d4-ef3f-44e6-92e1-99772f77d6f7, 1706092187024, 5172, 63012, S
37aee936-d11c-4809-8de4-466207bc5353, 1706092187128, 57444, 40630, S
3fb1b723-16f4-456f-a030-0a9ee20e7245, 1706092187233, 7361, 28582, S
167145f1-4557-4341-a187-41d325f0f0c2, 1706092187337, 4920, 8846, S
142ef134-62a2-4e98-bf6a-e967fb41fa98, 1706092187440, 1147, 48335, S
b3db22d2-7fb5-450f-a55d-30eeb691b820, 1706092187544, 9342, 45675, S
218bafb0-deef-44da-87d3-3cb432f03489, 1706092187649, 27182, 8933, S
e2e3a12d-1ed5-492e-98ad-75daee3d0bd0, 1706092187753, 11838, 38906, S
28d174b4-0f67-4afb-8cd0-1120f39b7ff6, 1706092187857, 19609, 8638, S
97a07404-0d5a-48c2-bc5a-9d6d4a9fafe1, 1706092187961, 61311, 22290, S
f06f9300-0c63-41a0-9ccd-0da581fc1c9d, 1706092188066, 63332, 5915, S
a523ca7c-9632-4ac4-a9f6-fbbe5b6f7a79, 1706092188171, 36587, 51689, S
125e22ae-b5c1-4b91-a17a-4c4a9dc51906, 1706092188275, 33282, 16158, S
90a1fb01-9672-410f-9719-b28869662081, 1706092188379, 41263, 60249, S
a8d6787d-2c7d-4046-b800-4f472b3e5c49, 1706092188483, 54916, 930, S
763fb14e-5681-48bf-97fc-110e74d7c1c3, 1706092188587, 58838, 49238, S
9f1cde5d-993b-4a5e-8794-3f1bef3f3097, 1706092188691, 11589, 17064, S
b0a76188-a169-40a7-ba49-2c245b92fbe6, 1706092188795, 27133, 1777, S
8d6c9294-e5b9-41ff-9fae-09625eef0ac1, 1706092188899, 34857, 18682, S
9810ddbf-de40-4977-a5ff-580394f5cc9f, 1706092189004, 39671, 30202, S
06b8687a-c91c-4025-9e2d-7b27f073320c, 1706092189108, 6794, 26225, S
d1210d5f-73bb-4abf-bfd1-b13613935e19, 1706092189213, 2959, 1368, S
5dbff403-2bc5-40fa-8b97-f24246c36769, 1706092189317, 64250, 1520, S
1aa2ddb6-e5a5-471f-aa0d-83de2ac19e65, 1706092189423, 50245, 597, S
698d155a-21c0-4d18-b228-2ab3c65d265f, 1706092189527, 20731, 12723, S
152a7207-4976-4d78-bda0-65456e1beb78, 1706092189631, 54072, 20130, S
a6776bc2-12b5-4961-8253-d10a4edbce2c, 1706092189735, 3633, 6585, S
d01d34a4-d526-4d43-8275-2ac84ea8df6a, 1706092189841, 1719, 13832, S
d020243b-1542-4bb0-9b00-4cce6b58fb7b, 1706092189945, 52370, 22620, S
44a6eba7-cf2e-4d9d-a3f1-665a6300b4d5, 1706092190057, 358, 61628, F
0ab22c39-776f-40b4-b53e-668e05947739, 1706092190162, 2732, 23353, S
0e827c66-f4fe-46fd-989e-70878a79c4ae, 1706092190266, 51299, 25960, S
c9f3f997-1774-46c8-9ecb-8994fa8fb2bd, 1706092190370, 29528, 58106, S
3d5034eb-9cf8-46e2-9a4c-8a94872ccab4, 1706092190474, 32621, 57285, S
55aac933-a557-43ba-a434-c7d195f0705b, 1706092190578, 17937, 47538, S
f0417e23-e8ee-4143-9a73-d2ac1f56b11a, 1706092190682, 12404, 50461, S
6893812c-5f0b-4331-b59e-db85285fbd22, 1706092190786, 39042, 4394, S
37136ec2-8a97-4131-bf18-1663a9fbbcf2, 1706092190890, 35433, 55541, S
3622c654-0ca2-4148-a48d-3059aaaed87b, 1706092190994, 29178, 32673, S
2a81b832-8bbd-4784-87ac-d5e7f06ee662, 1706092191098, 50129, 21980, S
c5c26ec4-6f80-417a-9e87-4ef8841985c4, 1706092191202, 59968, 27676, S
9679cbe2-c3a2-4515-b788-8e8e6a565975, 1706092191307, 56472, 64378, S
c12f399c-8c4b-433a-ad94-2bc04d6d3b42, 1706092191411, 24664, 57345, S
e354205e-18ef-4c53-8855-80c272b0ccab, 1706092191515, 57378, 44565, S
538f7d08-c4f1-49b1-9bd4-f912b6cbdd78, 1706092191619, 1403, 29184, S
fd72a7e1-84ea-442a-895a-66d325a281af, 1706092191723, 15873, 64706, S
f1d78691-fa86-41da-a2f4-bd35c5d20bb6, 1706092191827, 38289, 24673, S
5f6572c5-ae7d-4b5f-9018-41a103c27b67, 1706092191932, 6094, 31274, S
d971745c-e2e1-4581-9d44-03bae18cb2a0, 1706092192037, 16713, 58687, S
91230ae2-6857-4168-ab83-5f7db8523969, 1706092192140, 52876, 41888, S
7298bba2-6453-4982-84c6-4136d789df0b, 1706092192245, 11163, 17123, S
9a9e63bd-24f8-4bfc-b2f8-db1017003cbf, 1706092192349, 20166, 27365, S
846442f4-28b5-4c1a-9b8b-9bc8017c90b5, 1706092192453, 3412, 2626, S
5ce245d2-566e-4047-8f60-6767dc98e89f, 1706092192557, 21409, 56643, S
94546c24-5d79-4f94-b14e-874f66244500, 1706092192661, 52151, 39717, S
b7b7a54f-cbe0-487a-b5cb-5700512d0225, 1706092192765, 52939, 38807, S
36864e51-1558-4fc7-bda1-e9cd93ec1884, 1706092192869, 1827, 7455, S
c1df9ec4-426f-4488-b86b-a620af95e0c2, 1706092192972, 60844, 7924, S
c3fdf3f7-7a83-4534-8198-80a79a2180d7, 1706092193077, 32756, 24584, S
835b0cbb-d8af-4598-9477-9ad21c60d7a4, 1706092193180, 16940, 7658, S
8e72bbc4-0d6a-435c-9159-9df48fc134a8, 1706092193283, 61522, 23184, S
